Alabama,Arizona,0.206420495911
Alabama,Arizona St,0.476757718358
Alabama,Arkansas,0.329328284267
Alabama,Auburn,0.389799524825
Alabama,Bucknell,0.57460372463
Alabama,Buffalo,0.467739425962
Alabama,Butler,0.35678514633
Alabama,Cincinnati,0.199318172407
Alabama,Clemson,0.328071197091
Alabama,Col Charleston,0.529452231441
Alabama,Creighton,0.388491408668
Alabama,CS Fullerton,0.73806843691
Alabama,Davidson,0.49589423657
Alabama,Duke,0.176738215782
Alabama,Florida,0.321533990639
Alabama,Florida St,0.361822638619
Alabama,Georgia St,0.671553451047
Alabama,Gonzaga,0.172884753089
Alabama,Houston,0.270782043491
Alabama,Iona,0.692058172108
Alabama,Kansas,0.194956319247
Alabama,Kansas St,0.317891548391
Alabama,Kentucky,0.251125061172
Alabama,Lipscomb,0.72268376551
Alabama,Long Island,0.825153241754
Alabama,Loyola-Chicago,0.479626335852
Alabama,Marshall,0.635072192823
Alabama,Miami FL,0.300987009481
Alabama,Michigan,0.187602847506
Alabama,Michigan St,0.233406101561
Alabama,Missouri,0.603632286003
Alabama,Montana,0.667392480503
Alabama,Murray St,0.607950229384
Alabama,NC Central,0.821228492125
Alabama,NC State,0.424644856494
Alabama,Nevada,0.367655768032
Alabama,New Mexico St,0.500765257394
Alabama,North Carolina,0.203650112793
Alabama,Ohio St,0.299711558784
Alabama,Oklahoma,0.520166591762
Alabama,Penn,0.657071772491
Alabama,Providence,0.359886124274
Alabama,Purdue,0.243645434592
Alabama,Radford,0.777964345224
Alabama,Rhode Island,0.341392348502
Alabama,S Dakota St,0.562604838656
Alabama,San Diego St,0.438889741121
Alabama,Seton Hall,0.345388038404
Alabama,SF Austin,0.599121406579
Alabama,St Bonaventure,0.416112058003
Alabama,Syracuse,0.450669929917
Alabama,TCU,0.337379043678
Alabama,Tennessee,0.308440547952
Alabama,Texas,0.4444810447
Alabama,Texas A&M,0.435866342466
Alabama,Texas Tech,0.325328950125
Alabama,TX Southern,0.803380689282
Alabama,UCLA,0.341641580964
Alabama,UMBC,0.755857620563
Alabama,UNC Greensboro,0.600384787719
Alabama,Villanova,0.121812283638
Alabama,Virginia,0.135441286958
Alabama,Virginia Tech,0.36399810021
Alabama,West Virginia,0.224989319088
Alabama,Wichita St,0.248152992637
Alabama,Wright St,0.685323563797
Alabama,Xavier,0.245912352108
Arizona,Arizona St,0.816765626948
Arizona,Arkansas,0.701683370466
Arizona,Auburn,0.759220422126
Arizona,Bucknell,0.843789479413
Arizona,Buffalo,0.790294570478
Arizona,Butler,0.714507079995
Arizona,Cincinnati,0.487556130939
Arizona,Clemson,0.716466018148
Arizona,Col Charleston,0.813161668746
Arizona,Creighton,0.738143920754
Arizona,CS Fullerton,0.913853804026
Arizona,Davidson,0.808018258677
Arizona,Duke,0.452054764293
Arizona,Florida,0.705188816402
Arizona,Florida St,0.729259710534
Arizona,Georgia St,0.909812138513
Arizona,Gonzaga,0.446921469129
Arizona,Houston,0.649334423739
Arizona,Iona,0.910194138619
Arizona,Kansas,0.467478586682
Arizona,Kansas St,0.695748138091
Arizona,Kentucky,0.601022659807
Arizona,Lipscomb,0.906609330785
Arizona,Long Island,0.953505041091
Arizona,Loyola-Chicago,0.800588356758
Arizona,Marshall,0.870172804762
Arizona,Miami FL,0.665367579266
Arizona,Michigan,0.459224368175
Arizona,Michigan St,0.527045965047
Arizona,Missouri,0.873769723367
Arizona,Montana,0.896708887117
Arizona,Murray St,0.866514970888
Arizona,NC Central,0.948083848608
Arizona,NC State,0.805176639629
Arizona,Nevada,0.735617321384
Arizona,New Mexico St,0.815292506033
Arizona,North Carolina,0.486255152083
Arizona,Ohio St,0.688859491217
Arizona,Oklahoma,0.815821917399
Arizona,Penn,0.881268219233
Arizona,Providence,0.708325491405
Arizona,Purdue,0.570124528515
Arizona,Radford,0.932641623957
Arizona,Rhode Island,0.741338259469
Arizona,S Dakota St,0.84326707295
Arizona,San Diego St,0.770952433163
Arizona,Seton Hall,0.7161219516
Arizona,SF Austin,0.870610190104
Arizona,St Bonaventure,0.78815986336
Arizona,Syracuse,0.792172442503
Arizona,TCU,0.74282208928
Arizona,Tennessee,0.709809636717
Arizona,Texas,0.788679434765
Arizona,Texas A&M,0.79611712167
Arizona,Texas Tech,0.699738118396
Arizona,TX Southern,0.942218852479
Arizona,UCLA,0.715319639232
Arizona,UMBC,0.928132696769
Arizona,UNC Greensboro,0.864057684941
Arizona,Villanova,0.304173714201
Arizona,Virginia,0.340288734235
Arizona,Virginia Tech,0.725895161117
Arizona,West Virginia,0.555363962446
Arizona,Wichita St,0.622671710504
Arizona,Wright St,0.916028209999
Arizona,Xavier,0.563698360852
Arizona St,Arkansas,0.392476316464
Arizona St,Auburn,0.448080907267
Arizona St,Bucknell,0.649703131075
Arizona St,Buffalo,0.514498129766
Arizona St,Butler,0.446206213747
Arizona St,Cincinnati,0.229219172531
Arizona St,Clemson,0.395129515941
Arizona St,Col Charleston,0.584801410527
Arizona St,Creighton,0.442562261074
Arizona St,CS Fullerton,0.79873503061
Arizona St,Davidson,0.538854297133
Arizona St,Duke,0.217475703366
Arizona St,Florida,0.370833821461
Arizona St,Florida St,0.413648057714
Arizona St,Georgia St,0.771356681664
Arizona St,Gonzaga,0.222177728597
Arizona St,Houston,0.320903852691
Arizona St,Iona,0.78544407012
Arizona St,Kansas,0.233833146911
Arizona St,Kansas St,0.390997515919
Arizona St,Kentucky,0.290832872972
Arizona St,Lipscomb,0.787999746417
Arizona St,Long Island,0.878558426365
Arizona St,Loyola-Chicago,0.521057111879
Arizona St,Marshall,0.706820786578
Arizona St,Miami FL,0.350303933694
Arizona St,Michigan,0.23578771998
Arizona St,Michigan St,0.273899898914
Arizona St,Missouri,0.65799749595
Arizona St,Montana,0.753701692143
Arizona St,Murray St,0.693544158499
Arizona St,NC Central,0.862001640649
Arizona St,NC State,0.472189820465
Arizona St,Nevada,0.399197823152
Arizona St,New Mexico St,0.536302495928
Arizona St,North Carolina,0.242713265208
Arizona St,Ohio St,0.356632461114
Arizona St,Oklahoma,0.535273146396
Arizona St,Penn,0.725842607303
Arizona St,Providence,0.402614887774
Arizona St,Purdue,0.302573411961
Arizona St,Radford,0.83467288266
Arizona St,Rhode Island,0.381638187398
Arizona St,S Dakota St,0.614149514927
Arizona St,San Diego St,0.474017788849
Arizona St,Seton Hall,0.41658031899
Arizona St,SF Austin,0.695365484971
Arizona St,St Bonaventure,0.468202888875
Arizona St,Syracuse,0.483572015161
Arizona St,TCU,0.380754963645
Arizona St,Tennessee,0.366835970373
Arizona St,Texas,0.475743273474
Arizona St,Texas A&M,0.488100112319
Arizona St,Texas Tech,0.38815394384
Arizona St,TX Southern,0.847398858169
Arizona St,UCLA,0.412548305038
Arizona St,UMBC,0.812307685875
Arizona St,UNC Greensboro,0.663959029225
Arizona St,Villanova,0.156693928352
Arizona St,Virginia,0.165396542336
Arizona St,Virginia Tech,0.434167925219
Arizona St,West Virginia,0.279129790567
Arizona St,Wichita St,0.311058118554
Arizona St,Wright St,0.779857737969
Arizona St,Xavier,0.306191167023
Arkansas,Auburn,0.511313270502
Arkansas,Bucknell,0.654098810318
Arkansas,Buffalo,0.589730802367
Arkansas,Butler,0.440140038784
Arkansas,Cincinnati,0.246169243114
Arkansas,Clemson,0.420469629329
Arkansas,Col Charleston,0.617817638146
Arkansas,Creighton,0.479273490549
Arkansas,CS Fullerton,0.804614644551
Arkansas,Davidson,0.594291891612
Arkansas,Duke,0.224071670216
Arkansas,Florida,0.427026203114
Arkansas,Florida St,0.455786140207
Arkansas,Georgia St,0.766898906617
Arkansas,Gonzaga,0.222753852365
Arkansas,Houston,0.363174579871
Arkansas,Iona,0.783371370635
Arkansas,Kansas,0.238624849255
Arkansas,Kansas St,0.409168826694
Arkansas,Kentucky,0.310933634252
Arkansas,Lipscomb,0.796327773998
Arkansas,Long Island,0.884032016719
Arkansas,Loyola-Chicago,0.587951548154
Arkansas,Marshall,0.705489631547
Arkansas,Miami FL,0.370964181807
Arkansas,Michigan,0.231468424481
Arkansas,Michigan St,0.277904309017
Arkansas,Missouri,0.719888173315
Arkansas,Montana,0.755826648127
Arkansas,Murray St,0.686501104322
Arkansas,NC Central,0.877339787175
Arkansas,NC State,0.546129523604
Arkansas,Nevada,0.47138809476
Arkansas,New Mexico St,0.620448477975
Arkansas,North Carolina,0.25003000379
Arkansas,Ohio St,0.391591057713
Arkansas,Oklahoma,0.592823809616
Arkansas,Penn,0.725979923892
Arkansas,Providence,0.435065820322
Arkansas,Purdue,0.302104281902
Arkansas,Radford,0.846032086101
Arkansas,Rhode Island,0.465034949229
Arkansas,S Dakota St,0.653813760913
Arkansas,San Diego St,0.538836070084
Arkansas,Seton Hall,0.438976734423
Arkansas,SF Austin,0.706507241578
Arkansas,St Bonaventure,0.534493916931
Arkansas,Syracuse,0.555940298913
Arkansas,TCU,0.465307867777
Arkansas,Tennessee,0.409498906002
Arkansas,Texas,0.550908475415
Arkansas,Texas A&M,0.564403034211
Arkansas,Texas Tech,0.428492184709
Arkansas,TX Southern,0.857554853035
Arkansas,UCLA,0.435670643036
Arkansas,UMBC,0.828179025216
Arkansas,UNC Greensboro,0.681788672325
Arkansas,Villanova,0.152611289326
Arkansas,Virginia,0.164884419507
Arkansas,Virginia Tech,0.45768791085
Arkansas,West Virginia,0.286910094981
Arkansas,Wichita St,0.316345632662
Arkansas,Wright St,0.778109864135
Arkansas,Xavier,0.296614618702
Auburn,Bucknell,0.646510225877
Auburn,Buffalo,0.548657364198
Auburn,Butler,0.448986280859
Auburn,Cincinnati,0.236108675667
Auburn,Clemson,0.408385614455
Auburn,Col Charleston,0.595782709822
Auburn,Creighton,0.445475414071
Auburn,CS Fullerton,0.804539658777
Auburn,Davidson,0.565765660448
Auburn,Duke,0.221726101345
Auburn,Florida,0.383792006848
Auburn,Florida St,0.421367962126
Auburn,Georgia St,0.763798537397
Auburn,Gonzaga,0.224768530315
Auburn,Houston,0.334423552206
Auburn,Iona,0.772541295218
Auburn,Kansas,0.227393598705
Auburn,Kansas St,0.393630036932
Auburn,Kentucky,0.297225567313
Auburn,Lipscomb,0.791837761498
Auburn,Long Island,0.882175870064
Auburn,Loyola-Chicago,0.551340885613
Auburn,Marshall,0.697905205952
Auburn,Miami FL,0.356107206704
Auburn,Michigan,0.226624182371
Auburn,Michigan St,0.274729252129
Auburn,Missouri,0.689310273373
Auburn,Montana,0.748061193465
Auburn,Murray St,0.677384795253
Auburn,NC Central,0.868790419192
Auburn,NC State,0.506732419451
Auburn,Nevada,0.432247856489
Auburn,New Mexico St,0.577394087172
Auburn,North Carolina,0.245302903489
Auburn,Ohio St,0.376122418501
Auburn,Oklahoma,0.570228909448
Auburn,Penn,0.713039184186
Auburn,Providence,0.420909378574
Auburn,Purdue,0.299625274177
Auburn,Radford,0.841452505877
Auburn,Rhode Island,0.420687878485
Auburn,S Dakota St,0.637740609429
Auburn,San Diego St,0.502991256767
Auburn,Seton Hall,0.434397966546
Auburn,SF Austin,0.694490378365
Auburn,St Bonaventure,0.50773542849
Auburn,Syracuse,0.5242600364
Auburn,TCU,0.419960327394
Auburn,Tennessee,0.390100456639
Auburn,Texas,0.509817025645
Auburn,Texas A&M,0.527401813996
Auburn,Texas Tech,0.410552893777
Auburn,TX Southern,0.855634736274
Auburn,UCLA,0.428011121582
Auburn,UMBC,0.813061619311
Auburn,UNC Greensboro,0.66560677894
Auburn,Villanova,0.152670913685
Auburn,Virginia,0.159943667758
Auburn,Virginia Tech,0.439719202705
Auburn,West Virginia,0.284147621779
Auburn,Wichita St,0.301640881962
Auburn,Wright St,0.775964721761
Auburn,Xavier,0.303838827884
Bucknell,Buffalo,0.364317281739
Bucknell,Butler,0.333339089056
Bucknell,Cincinnati,0.17945735844
Bucknell,Clemson,0.302244686756
Bucknell,Col Charleston,0.42368569043
Bucknell,Creighton,0.336065874101
Bucknell,CS Fullerton,0.7262164913
Bucknell,Davidson,0.354951067944
Bucknell,Duke,0.171595379866
Bucknell,Florida,0.269809856973
Bucknell,Florida St,0.325234440697
Bucknell,Georgia St,0.68887018049
Bucknell,Gonzaga,0.173152554186
Bucknell,Houston,0.228439254892
Bucknell,Iona,0.686511128213
Bucknell,Kansas,0.178549037303
Bucknell,Kansas St,0.313304432845
Bucknell,Kentucky,0.214163786127
Bucknell,Lipscomb,0.704243998173
Bucknell,Long Island,0.851994680588
Bucknell,Loyola-Chicago,0.330758016172
Bucknell,Marshall,0.566218587895
Bucknell,Miami FL,0.28105004745
Bucknell,Michigan,0.173453053996
Bucknell,Michigan St,0.223369686469
Bucknell,Missouri,0.51723285607
Bucknell,Montana,0.650965306794
Bucknell,Murray St,0.578700239573
Bucknell,NC Central,0.832991836407
Bucknell,NC State,0.336369928711
Bucknell,Nevada,0.270489919024
Bucknell,New Mexico St,0.358048034644
Bucknell,North Carolina,0.19152091492
Bucknell,Ohio St,0.278562724023
Bucknell,Oklahoma,0.410176186911
Bucknell,Penn,0.590159476428
Bucknell,Providence,0.329129883758
Bucknell,Purdue,0.245912969903
Bucknell,Radford,0.786517993457
Bucknell,Rhode Island,0.288139745038
Bucknell,S Dakota St,0.452340974063
Bucknell,San Diego St,0.313015231717
Bucknell,Seton Hall,0.29793449837
Bucknell,SF Austin,0.586071819492
Bucknell,St Bonaventure,0.34241989886
Bucknell,Syracuse,0.360241047938
Bucknell,TCU,0.267893804082
Bucknell,Tennessee,0.283956503431
Bucknell,Texas,0.351853877442
Bucknell,Texas A&M,0.355700744379
Bucknell,Texas Tech,0.290349999575
Bucknell,TX Southern,0.826695090769
Bucknell,UCLA,0.29663732506
Bucknell,UMBC,0.762788068664
Bucknell,UNC Greensboro,0.551902828513
Bucknell,Villanova,0.127066379678
Bucknell,Virginia,0.14909821688
Bucknell,Virginia Tech,0.336959978284
Bucknell,West Virginia,0.235987403262
Bucknell,Wichita St,0.237801952651
Bucknell,Wright St,0.706956113682
Bucknell,Xavier,0.246668294104
Buffalo,Butler,0.417399771682
Buffalo,Cincinnati,0.239914748938
Buffalo,Clemson,0.38296855908
Buffalo,Col Charleston,0.487993113193
Buffalo,Creighton,0.420380585142
Buffalo,CS Fullerton,0.771327195668
Buffalo,Davidson,0.442886064362
Buffalo,Duke,0.228111942549
Buffalo,Florida,0.346168731034
Buffalo,Florida St,0.410975188216
Buffalo,Georgia St,0.752770148997
Buffalo,Gonzaga,0.220704443387
Buffalo,Houston,0.297441685527
Buffalo,Iona,0.750720273906
Buffalo,Kansas,0.225159245971
Buffalo,Kansas St,0.392557824734
Buffalo,Kentucky,0.273658514434
Buffalo,Lipscomb,0.737978612345
Buffalo,Long Island,0.882015487887
Buffalo,Loyola-Chicago,0.424799135327
Buffalo,Marshall,0.644868949736
Buffalo,Miami FL,0.356378738613
Buffalo,Michigan,0.226934614316
Buffalo,Michigan St,0.282106629357
Buffalo,Missouri,0.599232411841
Buffalo,Montana,0.72139185397
Buffalo,Murray St,0.653857499774
Buffalo,NC Central,0.866262068439
Buffalo,NC State,0.419909176018
Buffalo,Nevada,0.348815621477
Buffalo,New Mexico St,0.456932421567
Buffalo,North Carolina,0.250674633009
Buffalo,Ohio St,0.356190381214
Buffalo,Oklahoma,0.512482561828
Buffalo,Penn,0.667021747397
Buffalo,Providence,0.415089101579
Buffalo,Purdue,0.315752688478
Buffalo,Radford,0.82712502747
Buffalo,Rhode Island,0.366606878387
Buffalo,S Dakota St,0.531263788638
Buffalo,San Diego St,0.407844676432
Buffalo,Seton Hall,0.380365706443
Buffalo,SF Austin,0.662809823084
Buffalo,St Bonaventure,0.440446262737
Buffalo,Syracuse,0.464701561244
Buffalo,TCU,0.346110981252
Buffalo,Tennessee,0.364528367811
Buffalo,Texas,0.447878927922
Buffalo,Texas A&M,0.457253715986
Buffalo,Texas Tech,0.3612791154
Buffalo,TX Southern,0.854324135304
Buffalo,UCLA,0.376672043183
Buffalo,UMBC,0.803503395476
Buffalo,UNC Greensboro,0.636034570389
Buffalo,Villanova,0.15904264026
Buffalo,Virginia,0.180394508821
Buffalo,Virginia Tech,0.421356647552
Buffalo,West Virginia,0.29635098714
Buffalo,Wichita St,0.310965051489
Buffalo,Wright St,0.770434632204
Buffalo,Xavier,0.31663245438
Butler,Cincinnati,0.249465921874
Butler,Clemson,0.453481324301
Butler,Col Charleston,0.639672974413
Butler,Creighton,0.550454382532
Butler,CS Fullerton,0.805383262762
Butler,Davidson,0.620821347529
Butler,Duke,0.229590574754
Butler,Florida,0.456563879163
Butler,Florida St,0.525360691676
Butler,Georgia St,0.759359345794
Butler,Gonzaga,0.22789252011
Butler,Houston,0.399203324019
Butler,Iona,0.780249881855
Butler,Kansas,0.250316751719
Butler,Kansas St,0.450602674193
Butler,Kentucky,0.337031451926
Butler,Lipscomb,0.796186234473
Butler,Long Island,0.878385336011
Butler,Loyola-Chicago,0.615250431986
Butler,Marshall,0.716027035181
Butler,Miami FL,0.423464494975
Butler,Michigan,0.243117528702
Butler,Michigan St,0.283634104424
Butler,Missouri,0.737518144265
Butler,Montana,0.746253371493
Butler,Murray St,0.703953002057
Butler,NC Central,0.868526630553
Butler,NC State,0.567052233813
Butler,Nevada,0.491623187341
Butler,New Mexico St,0.640056536218
Butler,North Carolina,0.26213178035
Butler,Ohio St,0.423994247941
Butler,Oklahoma,0.638342198487
Butler,Penn,0.735572688597
Butler,Providence,0.493961071318
Butler,Purdue,0.313362858513
Butler,Radford,0.835433309131
Butler,Rhode Island,0.49401819377
Butler,S Dakota St,0.677011342651
Butler,San Diego St,0.562457215207
Butler,Seton Hall,0.478095888891
Butler,SF Austin,0.69577860589
Butler,St Bonaventure,0.554858982003
Butler,Syracuse,0.594477686566
Butler,TCU,0.49478760333
Butler,Tennessee,0.436416492994
Butler,Texas,0.594635405437
Butler,Texas A&M,0.585673203889
Butler,Texas Tech,0.455694790047
Butler,TX Southern,0.852037177756
Butler,UCLA,0.471602267548
Butler,UMBC,0.823177462676
Butler,UNC Greensboro,0.682456886894
Butler,Villanova,0.163198940723
Butler,Virginia,0.171027851573
Butler,Virginia Tech,0.498916907925
Butler,West Virginia,0.293391498059
Butler,Wichita St,0.342431890052
Butler,Wright St,0.770783712788
Butler,Xavier,0.310968678733
Cincinnati,Clemson,0.722984649817
Cincinnati,Col Charleston,0.832633255148
Cincinnati,Creighton,0.761142140958
Cincinnati,CS Fullerton,0.923343773776
Cincinnati,Davidson,0.828917963743
Cincinnati,Duke,0.467112994648
Cincinnati,Florida,0.714150978251
Cincinnati,Florida St,0.751468172953
Cincinnati,Georgia St,0.914423777947
Cincinnati,Gonzaga,0.471480637327
Cincinnati,Houston,0.661445360362
Cincinnati,Iona,0.916595516384
Cincinnati,Kansas,0.505321726511
Cincinnati,Kansas St,0.714334128279
Cincinnati,Kentucky,0.627107453038
Cincinnati,Lipscomb,0.913223909311
Cincinnati,Long Island,0.956973142981
Cincinnati,Loyola-Chicago,0.814057357038
Cincinnati,Marshall,0.882654820602
Cincinnati,Miami FL,0.670805154958
Cincinnati,Michigan,0.478407096877
Cincinnati,Michigan St,0.551445040599
Cincinnati,Missouri,0.885402378345
Cincinnati,Montana,0.903011777965
Cincinnati,Murray St,0.873813664061
Cincinnati,NC Central,0.952140710219
Cincinnati,NC State,0.823056234915
Cincinnati,Nevada,0.761426244778
Cincinnati,New Mexico St,0.823801274773
Cincinnati,North Carolina,0.499243663569
Cincinnati,Ohio St,0.70772951331
Cincinnati,Oklahoma,0.829134120048
Cincinnati,Penn,0.889095502528
Cincinnati,Providence,0.725037224303
Cincinnati,Purdue,0.588895045016
Cincinnati,Radford,0.935762510531
Cincinnati,Rhode Island,0.758440011988
Cincinnati,S Dakota St,0.850723112804
Cincinnati,San Diego St,0.79052509214
Cincinnati,Seton Hall,0.72767317331
Cincinnati,SF Austin,0.878156988223
Cincinnati,St Bonaventure,0.801392294435
Cincinnati,Syracuse,0.800562898806
Cincinnati,TCU,0.754929625422
Cincinnati,Tennessee,0.716420731437
Cincinnati,Texas,0.797018762531
Cincinnati,Texas A&M,0.807045845677
Cincinnati,Texas Tech,0.71578646366
Cincinnati,TX Southern,0.949620518115
Cincinnati,UCLA,0.726891057115
Cincinnati,UMBC,0.931762438658
Cincinnati,UNC Greensboro,0.868935342395
Cincinnati,Villanova,0.326653931643
Cincinnati,Virginia,0.367600413059
Cincinnati,Virginia Tech,0.740407784507
Cincinnati,West Virginia,0.57684263878
Cincinnati,Wichita St,0.637676695098
Cincinnati,Wright St,0.922299900896
Cincinnati,Xavier,0.580822700819
Clemson,Col Charleston,0.624963529076
Clemson,Creighton,0.498051230606
Clemson,CS Fullerton,0.816800294276
Clemson,Davidson,0.607019782819
Clemson,Duke,0.225522393532
Clemson,Florida,0.439815943823
Clemson,Florida St,0.478616660469
Clemson,Georgia St,0.792399920681
Clemson,Gonzaga,0.215125800496
Clemson,Houston,0.377433537185
Clemson,Iona,0.807522600681
Clemson,Kansas,0.245360479718
Clemson,Kansas St,0.425338324809
Clemson,Kentucky,0.319363250974
Clemson,Lipscomb,0.804817060363
Clemson,Long Island,0.889603222926
Clemson,Loyola-Chicago,0.59861102766
Clemson,Marshall,0.728123212781
Clemson,Miami FL,0.383197784578
Clemson,Michigan,0.232429434075
Clemson,Michigan St,0.287873132267
Clemson,Missouri,0.728553840775
Clemson,Montana,0.778438279407
Clemson,Murray St,0.709917611819
Clemson,NC Central,0.883053256887
Clemson,NC State,0.554908279563
Clemson,Nevada,0.480236644029
Clemson,New Mexico St,0.632205418739
Clemson,North Carolina,0.257538854633
Clemson,Ohio St,0.404549045655
Clemson,Oklahoma,0.610592027816
Clemson,Penn,0.749158449314
Clemson,Providence,0.453172843323
Clemson,Purdue,0.312437853433
Clemson,Radford,0.851513860901
Clemson,Rhode Island,0.485542003876
Clemson,S Dakota St,0.668351922779
Clemson,San Diego St,0.551208896371
Clemson,Seton Hall,0.461228470025
Clemson,SF Austin,0.725995996173
Clemson,St Bonaventure,0.546243039079
Clemson,Syracuse,0.565651929665
Clemson,TCU,0.472088475964
Clemson,Tennessee,0.419836649462
Clemson,Texas,0.562979981473
Clemson,Texas A&M,0.580227922533
Clemson,Texas Tech,0.43895298416
Clemson,TX Southern,0.865312788021
Clemson,UCLA,0.454764320698
Clemson,UMBC,0.83548073856
Clemson,UNC Greensboro,0.705154986084
Clemson,Villanova,0.153896576268
Clemson,Virginia,0.172182200916
Clemson,Virginia Tech,0.476150341334
Clemson,West Virginia,0.297557235978
Clemson,Wichita St,0.322263832379
Clemson,Wright St,0.804481977872
Clemson,Xavier,0.315078195836
Col Charleston,Creighton,0.373035311681
Col Charleston,CS Fullerton,0.733246538929
Col Charleston,Davidson,0.383198631649
Col Charleston,Duke,0.177401900207
Col Charleston,Florida,0.296270104158
Col Charleston,Florida St,0.349144401695
Col Charleston,Georgia St,0.709469728877
Col Charleston,Gonzaga,0.176245841255
Col Charleston,Houston,0.245625322668
Col Charleston,Iona,0.710430221816
Col Charleston,Kansas,0.190773666951
Col Charleston,Kansas St,0.331342110361
Col Charleston,Kentucky,0.235091230902
Col Charleston,Lipscomb,0.707052807236
Col Charleston,Long Island,0.853055346153
Col Charleston,Loyola-Chicago,0.36645705916
Col Charleston,Marshall,0.600063899313
Col Charleston,Miami FL,0.305127694151
Col Charleston,Michigan,0.182622894451
Col Charleston,Michigan St,0.240929993917
Col Charleston,Missouri,0.545555018672
Col Charleston,Montana,0.677688119819
Col Charleston,Murray St,0.592013271758
Col Charleston,NC Central,0.831481054351
Col Charleston,NC State,0.359529592598
Col Charleston,Nevada,0.300911516004
Col Charleston,New Mexico St,0.397825354367
Col Charleston,North Carolina,0.212277680462
Col Charleston,Ohio St,0.304336242848
Col Charleston,Oklahoma,0.445387485704
Col Charleston,Penn,0.629292772056
Col Charleston,Providence,0.355568829366
Col Charleston,Purdue,0.273099471336
Col Charleston,Radford,0.780523115963
Col Charleston,Rhode Island,0.310731692581
Col Charleston,S Dakota St,0.462053540624
Col Charleston,San Diego St,0.32671120385
Col Charleston,Seton Hall,0.336270188986
Col Charleston,SF Austin,0.596405167243
Col Charleston,St Bonaventure,0.377752594671
Col Charleston,Syracuse,0.399709268901
Col Charleston,TCU,0.304465427052
Col Charleston,Tennessee,0.319052215751
Col Charleston,Texas,0.382919834044
Col Charleston,Texas A&M,0.396950805865
Col Charleston,Texas Tech,0.312634178298
Col Charleston,TX Southern,0.804229513046
Col Charleston,UCLA,0.330468764104
Col Charleston,UMBC,0.760603821141
Col Charleston,UNC Greensboro,0.551988857177
Col Charleston,Villanova,0.129980389062
Col Charleston,Virginia,0.141526470377
Col Charleston,Virginia Tech,0.37106857545
Col Charleston,West Virginia,0.251213263972
Col Charleston,Wichita St,0.251651627556
Col Charleston,Wright St,0.723576706329
Col Charleston,Xavier,0.27911970792
Creighton,CS Fullerton,0.773300135705
Creighton,Davidson,0.550453938148
Creighton,Duke,0.198972143871
Creighton,Florida,0.38579058946
Creighton,Florida St,0.437305327796
Creighton,Georgia St,0.705294690603
Creighton,Gonzaga,0.194186666773
Creighton,Houston,0.329214730062
Creighton,Iona,0.724556941845
Creighton,Kansas,0.208517785235
Creighton,Kansas St,0.362840830491
Creighton,Kentucky,0.277295501102
Creighton,Lipscomb,0.759211876091
Creighton,Long Island,0.84830566056
Creighton,Loyola-Chicago,0.544607536971
Creighton,Marshall,0.667821097285
Creighton,Miami FL,0.337189114531
Creighton,Michigan,0.203938371379
Creighton,Michigan St,0.244370001428
Creighton,Missouri,0.66372763675
Creighton,Montana,0.707799760399
Creighton,Murray St,0.652234785471
Creighton,NC Central,0.847727806021
Creighton,NC State,0.484285143107
Creighton,Nevada,0.428051846331
Creighton,New Mexico St,0.581367086868
Creighton,North Carolina,0.224615002534
Creighton,Ohio St,0.346010995313
Creighton,Oklahoma,0.585091222576
Creighton,Penn,0.689154713572
Creighton,Providence,0.411911063221
Creighton,Purdue,0.252811913597
Creighton,Radford,0.806999082841
Creighton,Rhode Island,0.422989157661
Creighton,S Dakota St,0.616082471754
Creighton,San Diego St,0.50433232487
Creighton,Seton Hall,0.386118651745
Creighton,SF Austin,0.655759297804
Creighton,St Bonaventure,0.475460145543
Creighton,Syracuse,0.518351339191
Creighton,TCU,0.401986572536
Creighton,Tennessee,0.349486073197
Creighton,Texas,0.513350938542
Creighton,Texas A&M,0.509258441043
Creighton,Texas Tech,0.367427830452
Creighton,TX Southern,0.826116993226
Creighton,UCLA,0.380179571508
Creighton,UMBC,0.78769929161
Creighton,UNC Greensboro,0.641587868388
Creighton,Villanova,0.133359492453
Creighton,Virginia,0.141297382985
Creighton,Virginia Tech,0.398139742772
Creighton,West Virginia,0.243404053395
Creighton,Wichita St,0.263312984138
Creighton,Wright St,0.723016485526
Creighton,Xavier,0.253163225042
CS Fullerton,Davidson,0.180847673039
CS Fullerton,Duke,0.0940311248442
CS Fullerton,Florida,0.15852997945
CS Fullerton,Florida St,0.195773967191
CS Fullerton,Georgia St,0.446167980364
CS Fullerton,Gonzaga,0.0966838060095
CS Fullerton,Houston,0.119679525045
CS Fullerton,Iona,0.461920943028
CS Fullerton,Kansas,0.0994289298018
CS Fullerton,Kansas St,0.185820079051
CS Fullerton,Kentucky,0.123464020182
CS Fullerton,Lipscomb,0.432651493441
CS Fullerton,Long Island,0.693965226633
CS Fullerton,Loyola-Chicago,0.168077200419
CS Fullerton,Marshall,0.331088464952
CS Fullerton,Miami FL,0.178966665673
CS Fullerton,Michigan,0.0990369963781
CS Fullerton,Michigan St,0.131550352523
CS Fullerton,Missouri,0.308498754002
CS Fullerton,Montana,0.401668115224
CS Fullerton,Murray St,0.302099755231
CS Fullerton,NC Central,0.680900811615
CS Fullerton,NC State,0.180662957953
CS Fullerton,Nevada,0.147283709362
CS Fullerton,New Mexico St,0.177094072826
CS Fullerton,North Carolina,0.11182986466
CS Fullerton,Ohio St,0.162024724606
CS Fullerton,Oklahoma,0.254398995945
CS Fullerton,Penn,0.342956990968
CS Fullerton,Providence,0.197212832945
CS Fullerton,Purdue,0.151046608389
CS Fullerton,Radford,0.587657936717
CS Fullerton,Rhode Island,0.158836602341
CS Fullerton,S Dakota St,0.238283682491
CS Fullerton,San Diego St,0.147105349019
CS Fullerton,Seton Hall,0.182915540261
CS Fullerton,SF Austin,0.31338681155
CS Fullerton,St Bonaventure,0.193406139927
CS Fullerton,Syracuse,0.22634842152
CS Fullerton,TCU,0.158183568156
CS Fullerton,Tennessee,0.171224121023
CS Fullerton,Texas,0.214756258413
CS Fullerton,Texas A&M,0.218934539948
CS Fullerton,Texas Tech,0.173246332277
CS Fullerton,TX Southern,0.639166572141
CS Fullerton,UCLA,0.185361314099
CS Fullerton,UMBC,0.540255718362
CS Fullerton,UNC Greensboro,0.261935974527
CS Fullerton,Villanova,0.0726032527351
CS Fullerton,Virginia,0.079077039134
CS Fullerton,Virginia Tech,0.213424760338
CS Fullerton,West Virginia,0.13431825612
CS Fullerton,Wichita St,0.146755868634
CS Fullerton,Wright St,0.447119578272
CS Fullerton,Xavier,0.150689303343
Davidson,Duke,0.243779354465
Davidson,Florida,0.407373948381
Davidson,Florida St,0.447291759401
Davidson,Georgia St,0.804468835796
Davidson,Gonzaga,0.243696252222
Davidson,Houston,0.356380267665
Davidson,Iona,0.805201494845
Davidson,Kansas,0.24872916599
Davidson,Kansas St,0.420300538851
Davidson,Kentucky,0.320499323115
Davidson,Lipscomb,0.81809461638
Davidson,Long Island,0.900814196554
Davidson,Loyola-Chicago,0.558590899261
Davidson,Marshall,0.736471200556
Davidson,Miami FL,0.373814566863
Davidson,Michigan,0.250728315064
Davidson,Michigan St,0.316080007953
Davidson,Missouri,0.693005993566
Davidson,Montana,0.777714547069
Davidson,Murray St,0.72165950924
Davidson,NC Central,0.890305805915
Davidson,NC State,0.547520287289
Davidson,Nevada,0.452998089403
Davidson,New Mexico St,0.584040364155
Davidson,North Carolina,0.286271429333
Davidson,Ohio St,0.418333402151
Davidson,Oklahoma,0.586457639938
Davidson,Penn,0.743166478172
Davidson,Providence,0.442276959736
Davidson,Purdue,0.344303750661
Davidson,Radford,0.849905095254
Davidson,Rhode Island,0.471084933364
Davidson,S Dakota St,0.654988897477
Davidson,San Diego St,0.543200085522
Davidson,Seton Hall,0.448747980532
Davidson,SF Austin,0.729583487594
Davidson,St Bonaventure,0.541617020942
Davidson,Syracuse,0.527075478494
Davidson,TCU,0.458830421601
Davidson,Tennessee,0.432048679202
Davidson,Texas,0.510153330511
Davidson,Texas A&M,0.535412560253
Davidson,Texas Tech,0.423425795678
Davidson,TX Southern,0.872353420347
Davidson,UCLA,0.444867023153
Davidson,UMBC,0.838577852784
Davidson,UNC Greensboro,0.718042838709
Davidson,Villanova,0.1723254535
Davidson,Virginia,0.18126381621
Davidson,Virginia Tech,0.453042653894
Davidson,West Virginia,0.338502117044
Davidson,Wichita St,0.336389630182
Davidson,Wright St,0.812630845941
Davidson,Xavier,0.350024897555
Duke,Florida,0.705176920202
Duke,Florida St,0.738751090791
Duke,Georgia St,0.911618522194
Duke,Gonzaga,0.440617494556
Duke,Houston,0.661334612392
Duke,Iona,0.910325052898
Duke,Kansas,0.465467607764
Duke,Kansas St,0.699277262493
Duke,Kentucky,0.617891168945
Duke,Lipscomb,0.915042975876
Duke,Long Island,0.957346389127
Duke,Loyola-Chicago,0.808793071108
Duke,Marshall,0.870361814389
Duke,Miami FL,0.668651589731
Duke,Michigan,0.448120724315
Duke,Michigan St,0.514653559215
Duke,Missouri,0.87842985429
Duke,Montana,0.899093190745
Duke,Murray St,0.870731915264
Duke,NC Central,0.950478992242
Duke,NC State,0.811751572941
Duke,Nevada,0.745918221873
Duke,New Mexico St,0.823689318497
Duke,North Carolina,0.464705545524
Duke,Ohio St,0.692448417371
Duke,Oklahoma,0.82287457076
Duke,Penn,0.883782887385
Duke,Providence,0.711729062114
Duke,Purdue,0.546477239824
Duke,Radford,0.939088674081
Duke,Rhode Island,0.746182577356
Duke,S Dakota St,0.854884915823
Duke,San Diego St,0.791749717616
Duke,Seton Hall,0.725058353579
Duke,SF Austin,0.8746391658
Duke,St Bonaventure,0.789552095554
Duke,Syracuse,0.795068277774
Duke,TCU,0.740970026369
Duke,Tennessee,0.702866441591
Duke,Texas,0.789880844571
Duke,Texas A&M,0.801685589137
Duke,Texas Tech,0.705323772185
Duke,TX Southern,0.949283062442
Duke,UCLA,0.720020663261
Duke,UMBC,0.929699942362
Duke,UNC Greensboro,0.869773374114
Duke,Villanova,0.315585064454
Duke,Virginia,0.367003064634
Duke,Virginia Tech,0.728517379788
Duke,West Virginia,0.564377932097
Duke,Wichita St,0.626506516242
Duke,Wright St,0.919069188871
Duke,Xavier,0.553379060537
Florida,Florida St,0.516960685858
Florida,Georgia St,0.825049623692
Florida,Gonzaga,0.250597339119
Florida,Houston,0.404860398699
Florida,Iona,0.830115308248
Florida,Kansas,0.269071788598
Florida,Kansas St,0.463206076412
Florida,Kentucky,0.344908134342
Florida,Lipscomb,0.820742441893
Florida,Long Island,0.910527935132
Florida,Loyola-Chicago,0.62840506619
Florida,Marshall,0.760333385701
Florida,Miami FL,0.42005617217
Florida,Michigan,0.260036768136
Florida,Michigan St,0.318527960363
Florida,Missouri,0.758097441182
Florida,Montana,0.805760221539
Florida,Murray St,0.736998382845
Florida,NC Central,0.89801384704
Florida,NC State,0.63020529686
Florida,Nevada,0.52400707254
Florida,New Mexico St,0.656107177467
Florida,North Carolina,0.288205307978
Florida,Ohio St,0.459679531257
Florida,Oklahoma,0.650409254216
Florida,Penn,0.76831783095
Florida,Providence,0.493772186965
Florida,Purdue,0.362660939785
Florida,Radford,0.866083679296
Florida,Rhode Island,0.540941777295
Florida,S Dakota St,0.692638796037
Florida,San Diego St,0.581479311525
Florida,Seton Hall,0.501887125011
Florida,SF Austin,0.753865462229
Florida,St Bonaventure,0.605395576258
Florida,Syracuse,0.613755696283
Florida,TCU,0.530622423686
Florida,Tennessee,0.474656417097
Florida,Texas,0.608918144955
Florida,Texas A&M,0.623454885302
Florida,Texas Tech,0.479395231516
Florida,TX Southern,0.882303207548
Florida,UCLA,0.493004334699
Florida,UMBC,0.854354289318
Florida,UNC Greensboro,0.728400021722
Florida,Villanova,0.174294104769
Florida,Virginia,0.188698698825
Florida,Virginia Tech,0.519102697465
Florida,West Virginia,0.345930752265
Florida,Wichita St,0.375432189726
Florida,Wright St,0.838146218787
Florida,Xavier,0.365500087329
Florida St,Georgia St,0.717345393729
Florida St,Gonzaga,0.197318634639
Florida St,Houston,0.341919081381
Florida St,Iona,0.736114695483
Florida St,Kansas,0.231055198707
Florida St,Kansas St,0.373663505911
Florida St,Kentucky,0.296183790173
Florida St,Lipscomb,0.761605663993
Florida St,Long Island,0.851569777206
Florida St,Loyola-Chicago,0.565956575098
Florida St,Marshall,0.678351603197
Florida St,Miami FL,0.355338178787
Florida St,Michigan,0.207962983528
Florida St,Michigan St,0.266085722916
Florida St,Missouri,0.691460009322
Florida St,Montana,0.715347403588
Florida St,Murray St,0.655459047936
Florida St,NC Central,0.84972207651
Florida St,NC State,0.534404950176
Florida St,Nevada,0.457515358332
Florida St,New Mexico St,0.598834301813
Florida St,North Carolina,0.231225507809
Florida St,Ohio St,0.351214848966
Florida St,Oklahoma,0.60056385606
Florida St,Penn,0.698978790106
Florida St,Providence,0.420909762678
Florida St,Purdue,0.265826005812
Florida St,Radford,0.817319597091
Florida St,Rhode Island,0.432052070502
Florida St,S Dakota St,0.630985169649
Florida St,San Diego St,0.517246391965
Florida St,Seton Hall,0.402694828362
Florida St,SF Austin,0.654597943415
Florida St,St Bonaventure,0.493982205506
Florida St,Syracuse,0.542149622314
Florida St,TCU,0.416071915551
Florida St,Tennessee,0.365724884946
Florida St,Texas,0.542312024156
Florida St,Texas A&M,0.528502687357
Florida St,Texas Tech,0.394775758272
Florida St,TX Southern,0.844001493281
Florida St,UCLA,0.399248759267
Florida St,UMBC,0.797348591144
Florida St,UNC Greensboro,0.653181442722
Florida St,Villanova,0.136229624296
Florida St,Virginia,0.159679777689
Florida St,Virginia Tech,0.421685663948
Florida St,West Virginia,0.263219031797
Florida St,Wichita St,0.274771897013
Florida St,Wright St,0.731387638313
Florida St,Xavier,0.26593710597
Georgia St,Gonzaga,0.118655262853
Georgia St,Houston,0.153816475849
Georgia St,Iona,0.581571963153
Georgia St,Kansas,0.125684301324
Georgia St,Kansas St,0.224873029515
Georgia St,Kentucky,0.154759250968
Georgia St,Lipscomb,0.566806481975
Georgia St,Long Island,0.76805968184
Georgia St,Loyola-Chicago,0.217576085645
Georgia St,Marshall,0.418990760877
Georgia St,Miami FL,0.216370653871
Georgia St,Michigan,0.125203261791
Georgia St,Michigan St,0.160041449574
Georgia St,Missouri,0.370369975304
Georgia St,Montana,0.531533615567
Georgia St,Murray St,0.421594487529
Georgia St,NC Central,0.748465760608
Georgia St,NC State,0.233390498971
Georgia St,Nevada,0.189849292051
Georgia St,New Mexico St,0.230751848588
Georgia St,North Carolina,0.139174964034
Georgia St,Ohio St,0.200852752728
Georgia St,Oklahoma,0.308782992927
Georgia St,Penn,0.459517042163
Georgia St,Providence,0.240635979935
Georgia St,Purdue,0.186391355616
Georgia St,Radford,0.654599833016
Georgia St,Rhode Island,0.202021798216
Georgia St,S Dakota St,0.302155302391
Georgia St,San Diego St,0.190614537176
Georgia St,Seton Hall,0.228008171322
Georgia St,SF Austin,0.435483840458
Georgia St,St Bonaventure,0.244379890791
Georgia St,Syracuse,0.272555010213
Georgia St,TCU,0.19922279268
Georgia St,Tennessee,0.206932324018
Georgia St,Texas,0.264226216778
Georgia St,Texas A&M,0.273700865625
Georgia St,Texas Tech,0.212552646352
Georgia St,TX Southern,0.711495200758
Georgia St,UCLA,0.225324607522
Georgia St,UMBC,0.63623962107
Georgia St,UNC Greensboro,0.374098641435
Georgia St,Villanova,0.0919128395658
Georgia St,Virginia,0.0987619560968
Georgia St,Virginia Tech,0.258548253203
Georgia St,West Virginia,0.166133721008
Georgia St,Wichita St,0.179257990129
Georgia St,Wright St,0.562287761992
Georgia St,Xavier,0.188258162142
Gonzaga,Houston,0.680728038241
Gonzaga,Iona,0.919208921073
Gonzaga,Kansas,0.487835286049
Gonzaga,Kansas St,0.713609287199
Gonzaga,Kentucky,0.616589271585
Gonzaga,Lipscomb,0.918548446501
Gonzaga,Long Island,0.959595383431
Gonzaga,Loyola-Chicago,0.813491323299
Gonzaga,Marshall,0.877374824532
Gonzaga,Miami FL,0.684202702155
Gonzaga,Michigan,0.489090046048
Gonzaga,Michigan St,0.544209049353
Gonzaga,Missouri,0.879849940069
Gonzaga,Montana,0.907736993479
Gonzaga,Murray St,0.881484937612
Gonzaga,NC Central,0.953649178567
Gonzaga,NC State,0.8030027347
Gonzaga,Nevada,0.748584733677
Gonzaga,New Mexico St,0.835880808653
Gonzaga,North Carolina,0.512305953824
Gonzaga,Ohio St,0.70159701898
Gonzaga,Oklahoma,0.824172291012
Gonzaga,Penn,0.886326240512
Gonzaga,Providence,0.723528933434
Gonzaga,Purdue,0.584235457538
Gonzaga,Radford,0.940611407811
Gonzaga,Rhode Island,0.763777425171
Gonzaga,S Dakota St,0.857068508291
Gonzaga,San Diego St,0.791702513815
Gonzaga,Seton Hall,0.735100456137
Gonzaga,SF Austin,0.887730319621
Gonzaga,St Bonaventure,0.803295814816
Gonzaga,Syracuse,0.800608446847
Gonzaga,TCU,0.755470815028
Gonzaga,Tennessee,0.721695947368
Gonzaga,Texas,0.799832466057
Gonzaga,Texas A&M,0.808370833267
Gonzaga,Texas Tech,0.71186950419
Gonzaga,TX Southern,0.94896296825
Gonzaga,UCLA,0.730178291848
Gonzaga,UMBC,0.936797651864
Gonzaga,UNC Greensboro,0.881845923998
Gonzaga,Villanova,0.325511877164
Gonzaga,Virginia,0.356866236705
Gonzaga,Virginia Tech,0.737792470293
Gonzaga,West Virginia,0.583650799941
Gonzaga,Wichita St,0.638352774898
Gonzaga,Wright St,0.920909060684
Gonzaga,Xavier,0.584686931362
Houston,Iona,0.845057144235
Houston,Kansas,0.293871678082
Houston,Kansas St,0.496219502566
Houston,Kentucky,0.380090176886
Houston,Lipscomb,0.848276142626
Houston,Long Island,0.92462844651
Houston,Loyola-Chicago,0.663786988199
Houston,Marshall,0.782660237163
Houston,Miami FL,0.444260255916
Houston,Michigan,0.287236442865
Houston,Michigan St,0.349811322084
Houston,Missouri,0.77546048493
Houston,Montana,0.82505990721
Houston,Murray St,0.77380620421
Houston,NC Central,0.916607265929
Houston,NC State,0.637032022157
Houston,Nevada,0.551509833441
Houston,New Mexico St,0.689555061273
Houston,North Carolina,0.315479690812
Houston,Ohio St,0.500071843599
Houston,Oklahoma,0.676027637162
Houston,Penn,0.794331451922
Houston,Providence,0.526826066121
Houston,Purdue,0.390130477867
Houston,Radford,0.887002569219
Houston,Rhode Island,0.581100746347
Houston,S Dakota St,0.73070616503
Houston,San Diego St,0.638999253103
Houston,Seton Hall,0.523931181701
Houston,SF Austin,0.784337653931
Houston,St Bonaventure,0.631502741815
Houston,Syracuse,0.631094820582
Houston,TCU,0.559642881778
Houston,Tennessee,0.507007322834
Houston,Texas,0.623721095667
Houston,Texas A&M,0.644853522289
Houston,Texas Tech,0.50404678212
Houston,TX Southern,0.902108329723
Houston,UCLA,0.517659843943
Houston,UMBC,0.876237386954
Houston,UNC Greensboro,0.774638756284
Houston,Villanova,0.194887258514
Houston,Virginia,0.21766928928
Houston,Virginia Tech,0.536493154174
Houston,West Virginia,0.378410972393
Houston,Wichita St,0.403257016629
Houston,Wright St,0.85693213546
Houston,Xavier,0.390572863216
Iona,Kansas,0.104655549807
Iona,Kansas St,0.189583760305
Iona,Kentucky,0.132643586845
Iona,Lipscomb,0.518979570058
Iona,Long Island,0.71038585063
Iona,Loyola-Chicago,0.180243226798
Iona,Marshall,0.342267418116
Iona,Miami FL,0.174983020273
Iona,Michigan,0.104245398698
Iona,Michigan St,0.128092757856
Iona,Missouri,0.307467756473
Iona,Montana,0.454439998433
Iona,Murray St,0.351637024019
Iona,NC Central,0.707199644055
Iona,NC State,0.17756739201
Iona,Nevada,0.152366641463
Iona,New Mexico St,0.191399513866
Iona,North Carolina,0.109744657079
Iona,Ohio St,0.15946802468
Iona,Oklahoma,0.258552991651
Iona,Penn,0.392913835861
Iona,Providence,0.203522539748
Iona,Purdue,0.143803571578
Iona,Radford,0.610568598174
Iona,Rhode Island,0.159277148799
Iona,S Dakota St,0.25283268124
Iona,San Diego St,0.162900431076
Iona,Seton Hall,0.181020017153
Iona,SF Austin,0.369690801738
Iona,St Bonaventure,0.190674357454
Iona,Syracuse,0.222376833668
Iona,TCU,0.152228560297
Iona,Tennessee,0.158812000221
Iona,Texas,0.213245575441
Iona,Texas A&M,0.22337651179
Iona,Texas Tech,0.171730232845
Iona,TX Southern,0.672818870259
Iona,UCLA,0.180293881952
Iona,UMBC,0.578541481737
Iona,UNC Greensboro,0.309708967788
Iona,Villanova,0.0760430849477
Iona,Virginia,0.0808877822947
Iona,Virginia Tech,0.209412089531
Iona,West Virginia,0.125583283931
Iona,Wichita St,0.136172367864
Iona,Wright St,0.474985488819
Iona,Xavier,0.14211408284
Kansas,Kansas St,0.742212495139
Kansas,Kentucky,0.654051108703
Kansas,Lipscomb,0.920938293051
Kansas,Long Island,0.961290785041
Kansas,Loyola-Chicago,0.820171000414
Kansas,Marshall,0.889377048882
Kansas,Miami FL,0.707652163913
Kansas,Michigan,0.537775710923
Kansas,Michigan St,0.615933981206
Kansas,Missouri,0.888257650084
Kansas,Montana,0.91173920704
Kansas,Murray St,0.87801079504
Kansas,NC Central,0.955726013144
Kansas,NC State,0.827649630053
Kansas,Nevada,0.779198906509
Kansas,New Mexico St,0.840302941509
Kansas,North Carolina,0.579049524701
Kansas,Ohio St,0.738318181412
Kansas,Oklahoma,0.850183963253
Kansas,Penn,0.894826623736
Kansas,Providence,0.759474604187
Kansas,Purdue,0.652438551212
Kansas,Radford,0.944448362373
Kansas,Rhode Island,0.78885265022
Kansas,S Dakota St,0.860914622493
Kansas,San Diego St,0.804070452328
Kansas,Seton Hall,0.76400372568
Kansas,SF Austin,0.884415247815
Kansas,St Bonaventure,0.825139025342
Kansas,Syracuse,0.824567469376
Kansas,TCU,0.781882574801
Kansas,Tennessee,0.751567500845
Kansas,Texas,0.817500648228
Kansas,Texas A&M,0.829077495349
Kansas,Texas Tech,0.738989463385
Kansas,TX Southern,0.947761570454
Kansas,UCLA,0.759442871008
Kansas,UMBC,0.936141038258
Kansas,UNC Greensboro,0.875458178012
Kansas,Villanova,0.382618987032
Kansas,Virginia,0.421345115345
Kansas,Virginia Tech,0.763283816563
Kansas,West Virginia,0.647351494012
Kansas,Wichita St,0.675845614034
Kansas,Wright St,0.928773433256
Kansas,Xavier,0.656896160965
Kansas St,Kentucky,0.342486910254
Kansas St,Lipscomb,0.792899565304
Kansas St,Long Island,0.881497331042
Kansas St,Loyola-Chicago,0.618494021425
Kansas St,Marshall,0.708558851466
Kansas St,Miami FL,0.444053558348
Kansas St,Michigan,0.240144835824
Kansas St,Michigan St,0.286396634409
Kansas St,Missouri,0.740933647528
Kansas St,Montana,0.750726137102
Kansas St,Murray St,0.693732025429
Kansas St,NC Central,0.867195685204
Kansas St,NC State,0.568282181168
Kansas St,Nevada,0.490927722371
Kansas St,New Mexico St,0.647853508137
Kansas St,North Carolina,0.258363556141
Kansas St,Ohio St,0.432124200218
Kansas St,Oklahoma,0.644045905825
Kansas St,Penn,0.738805381259
Kansas St,Providence,0.494449634987
Kansas St,Purdue,0.313558021704
Kansas St,Radford,0.844281073263
Kansas St,Rhode Island,0.492285147211
Kansas St,S Dakota St,0.682822698936
Kansas St,San Diego St,0.568169030915
Kansas St,Seton Hall,0.481068494425
Kansas St,SF Austin,0.686079217672
Kansas St,St Bonaventure,0.55682932691
Kansas St,Syracuse,0.606476836873
Kansas St,TCU,0.498176524334
Kansas St,Tennessee,0.440921056308
Kansas St,Texas,0.606632976974
Kansas St,Texas A&M,0.591676222785
Kansas St,Texas Tech,0.463942999957
Kansas St,TX Southern,0.85175114655
Kansas St,UCLA,0.480084168439
Kansas St,UMBC,0.824723656251
Kansas St,UNC Greensboro,0.685498582947
Kansas St,Villanova,0.153947646664
Kansas St,Virginia,0.176166570728
Kansas St,Virginia Tech,0.49861936507
Kansas St,West Virginia,0.298458572158
Kansas St,Wichita St,0.351399707056
Kansas St,Wright St,0.772892552724
Kansas St,Xavier,0.313526397114
Kentucky,Lipscomb,0.875756034169
Kentucky,Long Island,0.937626627432
Kentucky,Loyola-Chicago,0.738617640208
Kentucky,Marshall,0.824135823745
Kentucky,Miami FL,0.579432960868
Kentucky,Michigan,0.370440754971
Kentucky,Michigan St,0.433204073851
Kentucky,Missouri,0.82970379343
Kentucky,Montana,0.85970091218
Kentucky,Murray St,0.819450041569
Kentucky,NC Central,0.930489019461
Kentucky,NC State,0.738608386509
Kentucky,Nevada,0.656893453561
Kentucky,New Mexico St,0.758245815352
Kentucky,North Carolina,0.398345928748
Kentucky,Ohio St,0.603713202625
Kentucky,Oklahoma,0.751769633154
Kentucky,Penn,0.838435184523
Kentucky,Providence,0.627831678573
Kentucky,Purdue,0.478887151427
Kentucky,Radford,0.915299969406
Kentucky,Rhode Island,0.665654629776
Kentucky,S Dakota St,0.791098705286
Kentucky,San Diego St,0.703186341469
Kentucky,Seton Hall,0.636676110893
Kentucky,SF Austin,0.826065150176
Kentucky,St Bonaventure,0.717814958272
Kentucky,Syracuse,0.723824409237
Kentucky,TCU,0.66737782377
Kentucky,Tennessee,0.629511174309
Kentucky,Texas,0.719735918189
Kentucky,Texas A&M,0.730637866291
Kentucky,Texas Tech,0.618151998547
Kentucky,TX Southern,0.922119216879
Kentucky,UCLA,0.633562537342
Kentucky,UMBC,0.90363422638
Kentucky,UNC Greensboro,0.816201010827
Kentucky,Villanova,0.253923525346
Kentucky,Virginia,0.29952262874
Kentucky,Virginia Tech,0.645670788055
Kentucky,West Virginia,0.463758655974
Kentucky,Wichita St,0.535822324645
Kentucky,Wright St,0.884085621475
Kentucky,Xavier,0.472359350326
Lipscomb,Long Island,0.759703335529
Lipscomb,Loyola-Chicago,0.21397035878
Lipscomb,Marshall,0.389078674408
Lipscomb,Miami FL,0.213472861062
Lipscomb,Michigan,0.128647665762
Lipscomb,Michigan St,0.169986043225
Lipscomb,Missouri,0.361523173606
Lipscomb,Montana,0.471916630244
Lipscomb,Murray St,0.368895930976
Lipscomb,NC Central,0.734239948894
Lipscomb,NC State,0.219209714475
Lipscomb,Nevada,0.185381212848
Lipscomb,New Mexico St,0.221136258086
Lipscomb,North Carolina,0.142580135009
Lipscomb,Ohio St,0.201507614104
Lipscomb,Oklahoma,0.311649436885
Lipscomb,Penn,0.402746406552
Lipscomb,Providence,0.243227763489
Lipscomb,Purdue,0.193871062078
Lipscomb,Radford,0.65428745227
Lipscomb,Rhode Island,0.197266152197
Lipscomb,S Dakota St,0.313166650108
Lipscomb,San Diego St,0.197720013501
Lipscomb,Seton Hall,0.224583508216
Lipscomb,SF Austin,0.369589816474
Lipscomb,St Bonaventure,0.239829335069
Lipscomb,Syracuse,0.27277952239
Lipscomb,TCU,0.192797415774
Lipscomb,Tennessee,0.20319659082
Lipscomb,Texas,0.252579654712
Lipscomb,Texas A&M,0.268377208335
Lipscomb,Texas Tech,0.206361269706
Lipscomb,TX Southern,0.704310527156
Lipscomb,UCLA,0.223730362579
Lipscomb,UMBC,0.594393364203
Lipscomb,UNC Greensboro,0.325003600013
Lipscomb,Villanova,0.0938434541925
Lipscomb,Virginia,0.108320081954
Lipscomb,Virginia Tech,0.251440121667
Lipscomb,West Virginia,0.173110463618
Lipscomb,Wichita St,0.179715940785
Lipscomb,Wright St,0.518859553776
Lipscomb,Xavier,0.198617963193
Long Island,Loyola-Chicago,0.123704144655
Long Island,Marshall,0.246816358166
Long Island,Miami FL,0.121355449607
Long Island,Michigan,0.0727476574774
Long Island,Michigan St,0.0965254704305
Long Island,Missouri,0.210327858302
Long Island,Montana,0.304458839661
Long Island,Murray St,0.225621349848
Long Island,NC Central,0.581278939835
Long Island,NC State,0.135224470747
Long Island,Nevada,0.109622358547
Long Island,New Mexico St,0.133502384576
Long Island,North Carolina,0.0814104774637
Long Island,Ohio St,0.121263977202
Long Island,Oklahoma,0.181307125747
Long Island,Penn,0.260203658886
Long Island,Providence,0.142834373099
Long Island,Purdue,0.113835089736
Long Island,Radford,0.428214000513
Long Island,Rhode Island,0.116596734562
Long Island,S Dakota St,0.17002765115
Long Island,San Diego St,0.110108175368
Long Island,Seton Hall,0.140365877635
Long Island,SF Austin,0.229353074228
Long Island,St Bonaventure,0.143863833762
Long Island,Syracuse,0.156645853353
Long Island,TCU,0.115599988261
Long Island,Tennessee,0.128340307544
Long Island,Texas,0.146677219135
Long Island,Texas A&M,0.155768226177
Long Island,Texas Tech,0.131178907438
Long Island,TX Southern,0.494636586267
Long Island,UCLA,0.13993013651
Long Island,UMBC,0.37777171457
Long Island,UNC Greensboro,0.196481918372
Long Island,Villanova,0.0525666042791
Long Island,Virginia,0.0578899526791
Long Island,Virginia Tech,0.15181951111
Long Island,West Virginia,0.0978617469512
Long Island,Wichita St,0.107079657623
Long Island,Wright St,0.339909258534
Long Island,Xavier,0.113892520752
Loyola-Chicago,Marshall,0.720976832155
Loyola-Chicago,Miami FL,0.368166184379
Loyola-Chicago,Michigan,0.229259719706
Loyola-Chicago,Michigan St,0.278713855825
Loyola-Chicago,Missouri,0.673052385633
Loyola-Chicago,Montana,0.77473479125
Loyola-Chicago,Murray St,0.71820060348
Loyola-Chicago,NC Central,0.885658226433
Loyola-Chicago,NC State,0.507751949238
Loyola-Chicago,Nevada,0.413816390571
Loyola-Chicago,New Mexico St,0.563753652022
Loyola-Chicago,North Carolina,0.25113519736
Loyola-Chicago,Ohio St,0.405586327417
Loyola-Chicago,Oklahoma,0.556948761658
Loyola-Chicago,Penn,0.739878501779
Loyola-Chicago,Providence,0.430442515077
Loyola-Chicago,Purdue,0.312605900594
Loyola-Chicago,Radford,0.851953063763
Loyola-Chicago,Rhode Island,0.434355881822
Loyola-Chicago,S Dakota St,0.637934643648
Loyola-Chicago,San Diego St,0.51350500898
Loyola-Chicago,Seton Hall,0.432874719915
Loyola-Chicago,SF Austin,0.720980157791
Loyola-Chicago,St Bonaventure,0.498913019638
Loyola-Chicago,Syracuse,0.504738215835
Loyola-Chicago,TCU,0.419531165138
Loyola-Chicago,Tennessee,0.406406711612
Loyola-Chicago,Texas,0.48878470273
Loyola-Chicago,Texas A&M,0.506325173743
Loyola-Chicago,Texas Tech,0.407147723795
Loyola-Chicago,TX Southern,0.86935142484
Loyola-Chicago,UCLA,0.429024200974
Loyola-Chicago,UMBC,0.835399740879
Loyola-Chicago,UNC Greensboro,0.709218679268
Loyola-Chicago,Villanova,0.158969262295
Loyola-Chicago,Virginia,0.180620089935
Loyola-Chicago,Virginia Tech,0.446896679173
Loyola-Chicago,West Virginia,0.318558446338
Loyola-Chicago,Wichita St,0.342676639263
Loyola-Chicago,Wright St,0.811113356483
Loyola-Chicago,Xavier,0.318629182839
Marshall,Miami FL,0.245851569788
Marshall,Michigan,0.142625205602
Marshall,Michigan St,0.187207199356
Marshall,Missouri,0.466912146431
Marshall,Montana,0.601963082798
Marshall,Murray St,0.507286667485
Marshall,NC Central,0.798247032016
Marshall,NC State,0.289044033911
Marshall,Nevada,0.227148774786
Marshall,New Mexico St,0.30770432882
Marshall,North Carolina,0.162042749422
Marshall,Ohio St,0.242567114589
Marshall,Oklahoma,0.372980326058
Marshall,Penn,0.54587547409
Marshall,Providence,0.297580509321
Marshall,Purdue,0.212891340545
Marshall,Radford,0.740463241896
Marshall,Rhode Island,0.248358700319
Marshall,S Dakota St,0.390209770774
Marshall,San Diego St,0.253102153151
Marshall,Seton Hall,0.26818004875
Marshall,SF Austin,0.529528701432
Marshall,St Bonaventure,0.296301973016
Marshall,Syracuse,0.329417257033
Marshall,TCU,0.234531713263
Marshall,Tennessee,0.249275153132
Marshall,Texas,0.311631600411
Marshall,Texas A&M,0.322830013768
Marshall,Texas Tech,0.252429543397
Marshall,TX Southern,0.769737580201
Marshall,UCLA,0.265109695658
Marshall,UMBC,0.711265842614
Marshall,UNC Greensboro,0.475002516882
Marshall,Villanova,0.106953633404
Marshall,Virginia,0.114843506628
Marshall,Virginia Tech,0.302992872503
Marshall,West Virginia,0.195788928882
Marshall,Wichita St,0.207127107812
Marshall,Wright St,0.665278596327
Marshall,Xavier,0.213573964615
Miami FL,Michigan,0.301811283013
Miami FL,Michigan St,0.338302050803
Miami FL,Missouri,0.762580145384
Miami FL,Montana,0.784995870053
Miami FL,Murray St,0.752936015445
Miami FL,NC Central,0.891319078362
Miami FL,NC State,0.614418524237
Miami FL,Nevada,0.568798280068
Miami FL,New Mexico St,0.697039857312
Miami FL,North Carolina,0.30940133863
Miami FL,Ohio St,0.472450858428
Miami FL,Oklahoma,0.697596151694
Miami FL,Penn,0.780951946235
Miami FL,Providence,0.545232215924
Miami FL,Purdue,0.353922976101
Miami FL,Radford,0.867871235544
Miami FL,Rhode Island,0.545288878499
Miami FL,S Dakota St,0.728734287197
Miami FL,San Diego St,0.62344533168
Miami FL,Seton Hall,0.538541918531
Miami FL,SF Austin,0.747421579134
Miami FL,St Bonaventure,0.602624437454
Miami FL,Syracuse,0.642926561998
Miami FL,TCU,0.546051964378
Miami FL,Tennessee,0.49660710398
Miami FL,Texas,0.640895051028
Miami FL,Texas A&M,0.634527291186
Miami FL,Texas Tech,0.506973268256
Miami FL,TX Southern,0.880671936602
Miami FL,UCLA,0.529700267827
Miami FL,UMBC,0.856456415434
Miami FL,UNC Greensboro,0.735501609022
Miami FL,Villanova,0.207898277991
Miami FL,Virginia,0.217314619192
Miami FL,Virginia Tech,0.547792916239
Miami FL,West Virginia,0.334729304646
Miami FL,Wichita St,0.404571679865
Miami FL,Wright St,0.793558557067
Miami FL,Xavier,0.351377488129
Michigan,Michigan St,0.514460866506
Michigan,Missouri,0.867816525034
Michigan,Montana,0.895827886346
Michigan,Murray St,0.866684934095
Michigan,NC Central,0.95019268946
Michigan,NC State,0.78714020219
Michigan,Nevada,0.727476702682
Michigan,New Mexico St,0.816570896955
Michigan,North Carolina,0.478669497958
Michigan,Ohio St,0.685542271859
Michigan,Oklahoma,0.812954187006
Michigan,Penn,0.878866947436
Michigan,Providence,0.708163344733
Michigan,Purdue,0.557485798795
Michigan,Radford,0.934208403585
Michigan,Rhode Island,0.745083650626
Michigan,S Dakota St,0.843160177816
Michigan,San Diego St,0.778968364964
Michigan,Seton Hall,0.713293918268
Michigan,SF Austin,0.873598394248
Michigan,St Bonaventure,0.781155781319
Michigan,Syracuse,0.780856035258
Michigan,TCU,0.734736053731
Michigan,Tennessee,0.699237424762
Michigan,Texas,0.777410631875
Michigan,Texas A&M,0.790880051508
Michigan,Texas Tech,0.688959768583
Michigan,TX Southern,0.943406214776
Michigan,UCLA,0.708127443546
Michigan,UMBC,0.928343521377
Michigan,UNC Greensboro,0.865902037972
Michigan,Villanova,0.304501946757
Michigan,Virginia,0.332208720528
Michigan,Virginia Tech,0.716121959958
Michigan,West Virginia,0.5480888618
Michigan,Wichita St,0.58776530872
Michigan,Wright St,0.915228095216
Michigan,Xavier,0.557944341544
Michigan St,Missouri,0.83298451958
Michigan St,Montana,0.861751291661
Michigan St,Murray St,0.812952468137
Michigan St,NC Central,0.925945384145
Michigan St,NC State,0.750267358243
Michigan St,Nevada,0.669083935144
Michigan St,New Mexico St,0.753658111524
Michigan St,North Carolina,0.395067929616
Michigan St,Ohio St,0.601669586159
Michigan St,Oklahoma,0.759658694186
Michigan St,Penn,0.831164399023
Michigan St,Providence,0.634225087185
Michigan St,Purdue,0.469650086005
Michigan St,Radford,0.905451950966
Michigan St,Rhode Island,0.678655347842
Michigan St,S Dakota St,0.777488486313
Michigan St,San Diego St,0.692774333598
Michigan St,Seton Hall,0.640622721243
Michigan St,SF Austin,0.830827230703
Michigan St,St Bonaventure,0.718591096726
Michigan St,Syracuse,0.719001993776
Michigan St,TCU,0.663314806373
Michigan St,Tennessee,0.620378630004
Michigan St,Texas,0.714939128789
Michigan St,Texas A&M,0.733357863748
Michigan St,Texas Tech,0.626884642713
Michigan St,TX Southern,0.915931057771
Michigan St,UCLA,0.637523713616
Michigan St,UMBC,0.898766278312
Michigan St,UNC Greensboro,0.803006462047
Michigan St,Villanova,0.233885646886
Michigan St,Virginia,0.264346105629
Michigan St,Virginia Tech,0.640907322581
Michigan St,West Virginia,0.471462798187
Michigan St,Wichita St,0.529544720536
Michigan St,Wright St,0.878328757169
Michigan St,Xavier,0.467201226146
Missouri,Montana,0.640956114718
Missouri,Murray St,0.567821909018
Missouri,NC Central,0.801759582473
Missouri,NC State,0.329551424167
Missouri,Nevada,0.283670187751
Missouri,New Mexico St,0.394712598584
Missouri,North Carolina,0.176209678383
Missouri,Ohio St,0.252075258753
Missouri,Oklahoma,0.403164415549
Missouri,Penn,0.602869761725
Missouri,Providence,0.295378066479
Missouri,Purdue,0.216931757845
Missouri,Radford,0.767062680538
Missouri,Rhode Island,0.28022708007
Missouri,S Dakota St,0.454390207697
Missouri,San Diego St,0.320576653053
Missouri,Seton Hall,0.301126016999
Missouri,SF Austin,0.58430857239
Missouri,St Bonaventure,0.340381677195
Missouri,Syracuse,0.356665167859
Missouri,TCU,0.27709220816
Missouri,Tennessee,0.266982293863
Missouri,Texas,0.346992133664
Missouri,Texas A&M,0.360475671215
Missouri,Texas Tech,0.282528069539
Missouri,TX Southern,0.779176014335
Missouri,UCLA,0.295660822941
Missouri,UMBC,0.732502766365
Missouri,UNC Greensboro,0.524771290444
Missouri,Villanova,0.114009801866
Missouri,Virginia,0.127852854664
Missouri,Virginia Tech,0.316454730805
Missouri,West Virginia,0.205180051429
Missouri,Wichita St,0.2247830925
Missouri,Wright St,0.6707251978
Missouri,Xavier,0.219022100548
Montana,Murray St,0.417149051305
Montana,NC Central,0.756163938495
Montana,NC State,0.227230667125
Montana,Nevada,0.187272723627
Montana,New Mexico St,0.224641250976
Montana,North Carolina,0.142066703619
Montana,Ohio St,0.205053627564
Montana,Oklahoma,0.303847339075
Montana,Penn,0.460979093699
Montana,Providence,0.242400234941
Montana,Purdue,0.191827453483
Montana,Radford,0.665861077292
Montana,Rhode Island,0.20181204581
Montana,S Dakota St,0.292684530315
Montana,San Diego St,0.187056559784
Montana,Seton Hall,0.224271176739
Montana,SF Austin,0.432413817296
Montana,St Bonaventure,0.2401160639
Montana,Syracuse,0.274221104051
Montana,TCU,0.201961947832
Montana,Tennessee,0.211226745173
Montana,Texas,0.263617250857
Montana,Texas A&M,0.270366071294
Montana,Texas Tech,0.216931800431
Montana,TX Southern,0.716594943864
Montana,UCLA,0.225454311956
Montana,UMBC,0.647310751268
Montana,UNC Greensboro,0.372486905293
Montana,Villanova,0.092548355306
Montana,Virginia,0.102779356399
Montana,Virginia Tech,0.259291318848
Montana,West Virginia,0.16947532416
Montana,Wichita St,0.184533229822
Montana,Wright St,0.56048434631
Montana,Xavier,0.187802434558
Murray St,NC Central,0.807822189991
Murray St,NC State,0.275629677623
Murray St,Nevada,0.236036219992
Murray St,New Mexico St,0.294796951507
Murray St,North Carolina,0.175259922702
Murray St,Ohio St,0.258597850388
Murray St,Oklahoma,0.362825662359
Murray St,Penn,0.547816366149
Murray St,Providence,0.294628965413
Murray St,Purdue,0.23311992681
Murray St,Radford,0.747175497523
Murray St,Rhode Island,0.257844833915
Murray St,S Dakota St,0.390510393938
Murray St,San Diego St,0.258402574739
Murray St,Seton Hall,0.276588495818
Murray St,SF Austin,0.51887979057
Murray St,St Bonaventure,0.2901592127
Murray St,Syracuse,0.325473915506
Murray St,TCU,0.246420008262
Murray St,Tennessee,0.255373514745
Murray St,Texas,0.315865333432
Murray St,Texas A&M,0.326742319583
Murray St,Texas Tech,0.255957889378
Murray St,TX Southern,0.786558847603
Murray St,UCLA,0.277507159364
Murray St,UMBC,0.727387617183
Murray St,UNC Greensboro,0.471854246885
Murray St,Villanova,0.132397086915
Murray St,Virginia,0.151079016482
Murray St,Virginia Tech,0.313051768993
Murray St,West Virginia,0.209368706754
Murray St,Wichita St,0.227585620953
Murray St,Wright St,0.646519572231
Murray St,Xavier,0.238142263159
NC Central,NC State,0.118586691243
NC Central,Nevada,0.0967587421384
NC Central,New Mexico St,0.114161254661
NC Central,North Carolina,0.0702290498457
NC Central,Ohio St,0.110463761933
NC Central,Oklahoma,0.164626663618
NC Central,Penn,0.230176223132
NC Central,Providence,0.128071403305
NC Central,Purdue,0.0995261407855
NC Central,Radford,0.365703725037
NC Central,Rhode Island,0.104215903081
NC Central,S Dakota St,0.146174484399
NC Central,San Diego St,0.099184519678
NC Central,Seton Hall,0.121052679573
NC Central,SF Austin,0.20218684117
NC Central,St Bonaventure,0.127557795072
NC Central,Syracuse,0.13799348249
NC Central,TCU,0.100235157123
NC Central,Tennessee,0.111495593465
NC Central,Texas,0.12884025509
NC Central,Texas A&M,0.137203356243
NC Central,Texas Tech,0.114010356683
NC Central,TX Southern,0.422278192593
NC Central,UCLA,0.122795593229
NC Central,UMBC,0.333554986525
NC Central,UNC Greensboro,0.172338485991
NC Central,Villanova,0.0455630639905
NC Central,Virginia,0.0502147636671
NC Central,Virginia Tech,0.132256436487
NC Central,West Virginia,0.0854993820972
NC Central,Wichita St,0.092728557411
NC Central,Wright St,0.309417932426
NC Central,Xavier,0.0986482150163
NC State,Nevada,0.450944977723
NC State,New Mexico St,0.569006465179
NC State,North Carolina,0.267298680451
NC State,Ohio St,0.411476921341
NC State,Oklahoma,0.586997982707
NC State,Penn,0.735745179456
NC State,Providence,0.44425868099
NC State,Purdue,0.339970637534
NC State,Radford,0.846734466427
NC State,Rhode Island,0.460965411711
NC State,S Dakota St,0.629448355296
NC State,San Diego St,0.513118143707
NC State,Seton Hall,0.441394268574
NC State,SF Austin,0.715524153775
NC State,St Bonaventure,0.534008853172
NC State,Syracuse,0.535374430077
NC State,TCU,0.44799324193
NC State,Tennessee,0.417240605647
NC State,Texas,0.519857484538
NC State,Texas A&M,0.53734096965
NC State,Texas Tech,0.41751712058
NC State,TX Southern,0.858379307201
NC State,UCLA,0.437526431712
NC State,UMBC,0.829520511948
NC State,UNC Greensboro,0.687455147221
NC State,Villanova,0.165903586642
NC State,Virginia,0.18037413943
NC State,Virginia Tech,0.460551733212
NC State,West Virginia,0.325065194562
NC State,Wichita St,0.348777977804
NC State,Wright St,0.811059428508
NC State,Xavier,0.339141815708
Nevada,New Mexico St,0.593713317611
Nevada,North Carolina,0.276050264428
Nevada,Ohio St,0.437677102899
Nevada,Oklahoma,0.612846538656
Nevada,Penn,0.737914461653
Nevada,Providence,0.476323413457
Nevada,Purdue,0.342057839228
Nevada,Radford,0.847471116097
Nevada,Rhode Island,0.490286235897
Nevada,S Dakota St,0.640347782279
Nevada,San Diego St,0.534202179777
Nevada,Seton Hall,0.473428379809
Nevada,SF Austin,0.726961804735
Nevada,St Bonaventure,0.557629629112
Nevada,Syracuse,0.564792169852
Nevada,TCU,0.474310176586
Nevada,Tennessee,0.448930547704
Nevada,Texas,0.546773091109
Nevada,Texas A&M,0.569242488106
Nevada,Texas Tech,0.449211875462
Nevada,TX Southern,0.867562419963
Nevada,UCLA,0.467168343778
Nevada,UMBC,0.831223128772
Nevada,UNC Greensboro,0.699821220235
Nevada,Villanova,0.164112774661
Nevada,Virginia,0.17438923271
Nevada,Virginia Tech,0.481555777458
Nevada,West Virginia,0.334965070662
Nevada,Wichita St,0.325369735605
Nevada,Wright St,0.819933707672
Nevada,Xavier,0.346509027799
New Mexico St,North Carolina,0.189429147316
New Mexico St,Ohio St,0.309196262695
New Mexico St,Oklahoma,0.463734977378
New Mexico St,Penn,0.633173672524
New Mexico St,Providence,0.349230504349
New Mexico St,Purdue,0.248490489589
New Mexico St,Radford,0.77203824689
New Mexico St,Rhode Island,0.33573786594
New Mexico St,S Dakota St,0.467687007373
New Mexico St,San Diego St,0.352140421613
New Mexico St,Seton Hall,0.32215028368
New Mexico St,SF Austin,0.615044599806
New Mexico St,St Bonaventure,0.388031620235
New Mexico St,Syracuse,0.394488492018
New Mexico St,TCU,0.308007509201
New Mexico St,Tennessee,0.303471760184
New Mexico St,Texas,0.374849694566
New Mexico St,Texas A&M,0.394180226584
New Mexico St,Texas Tech,0.307031482246
New Mexico St,TX Southern,0.793670376357
New Mexico St,UCLA,0.321275683054
New Mexico St,UMBC,0.751199513947
New Mexico St,UNC Greensboro,0.55941040603
New Mexico St,Villanova,0.117760793136
New Mexico St,Virginia,0.125570794215
New Mexico St,Virginia Tech,0.334047104632
New Mexico St,West Virginia,0.23588065647
New Mexico St,Wichita St,0.255276038483
New Mexico St,Wright St,0.746815680963
New Mexico St,Xavier,0.247069367824
North Carolina,Ohio St,0.673327051747
North Carolina,Oklahoma,0.817236677126
North Carolina,Penn,0.874622945766
North Carolina,Providence,0.702917747732
North Carolina,Purdue,0.552544795179
North Carolina,Radford,0.926251681346
North Carolina,Rhode Island,0.732030750196
North Carolina,S Dakota St,0.833598552512
North Carolina,San Diego St,0.761080731209
North Carolina,Seton Hall,0.70810252864
North Carolina,SF Austin,0.864184631315
North Carolina,St Bonaventure,0.780741183511
North Carolina,Syracuse,0.779541254311
North Carolina,TCU,0.725735073022
North Carolina,Tennessee,0.687311545842
North Carolina,Texas,0.77407247119
North Carolina,Texas A&M,0.7896092069
North Carolina,Texas Tech,0.68352325552
North Carolina,TX Southern,0.933751105803
North Carolina,UCLA,0.702881471986
North Carolina,UMBC,0.923256437308
North Carolina,UNC Greensboro,0.847829053324
North Carolina,Villanova,0.290029497698
North Carolina,Virginia,0.306896330619
North Carolina,Virginia Tech,0.718318999137
North Carolina,West Virginia,0.531294317419
North Carolina,Wichita St,0.601880300033
North Carolina,Wright St,0.911163788479
North Carolina,Xavier,0.553004352674
Ohio St,Oklahoma,0.68090016402
Ohio St,Penn,0.784704620162
Ohio St,Providence,0.527860176354
Ohio St,Purdue,0.372360608597
Ohio St,Radford,0.87594513775
Ohio St,Rhode Island,0.572416035819
Ohio St,S Dakota St,0.716559812425
Ohio St,San Diego St,0.611470917622
Ohio St,Seton Hall,0.528227909808
Ohio St,SF Austin,0.770576676383
Ohio St,St Bonaventure,0.637338836414
Ohio St,Syracuse,0.647633685862
Ohio St,TCU,0.563195312741
Ohio St,Tennessee,0.512833836875
Ohio St,Texas,0.642585201474
Ohio St,Texas A&M,0.6554320246
Ohio St,Texas Tech,0.517578285227
Ohio St,TX Southern,0.889462591267
Ohio St,UCLA,0.52724512972
Ohio St,UMBC,0.868177413225
Ohio St,UNC Greensboro,0.749339710306
Ohio St,Villanova,0.177978584792
Ohio St,Virginia,0.195617844127
Ohio St,Virginia Tech,0.54938495101
Ohio St,West Virginia,0.358672663931
Ohio St,Wichita St,0.406733651009
Ohio St,Wright St,0.848091114602
Ohio St,Xavier,0.366264293722
Oklahoma,Penn,0.633131683938
Oklahoma,Providence,0.355726570792
Oklahoma,Purdue,0.225326094536
Oklahoma,Radford,0.765100458866
Oklahoma,Rhode Island,0.336412089223
Oklahoma,S Dakota St,0.536081658591
Oklahoma,San Diego St,0.421066458058
Oklahoma,Seton Hall,0.337797476859
Oklahoma,SF Austin,0.581789822288
Oklahoma,St Bonaventure,0.402313698895
Oklahoma,Syracuse,0.440510871061
Oklahoma,TCU,0.329875797632
Oklahoma,Tennessee,0.301288255051
Oklahoma,Texas,0.434865825913
Oklahoma,Texas A&M,0.425782335784
Oklahoma,Texas Tech,0.321368283818
Oklahoma,TX Southern,0.78833683793
Oklahoma,UCLA,0.331997240872
Oklahoma,UMBC,0.738275906731
Oklahoma,UNC Greensboro,0.577151645391
Oklahoma,Villanova,0.1108978207
Oklahoma,Virginia,0.122235733632
Oklahoma,Virginia Tech,0.351330059637
Oklahoma,West Virginia,0.210543336172
Oklahoma,Wichita St,0.222926717004
Oklahoma,Wright St,0.668490251088
Oklahoma,Xavier,0.224735676833
Penn,Providence,0.261950775436
Penn,Purdue,0.201325431522
Penn,Radford,0.697161431564
Penn,Rhode Island,0.227928155448
Penn,S Dakota St,0.328256283401
Penn,San Diego St,0.208442698123
Penn,Seton Hall,0.237717273302
Penn,SF Austin,0.467764585839
Penn,St Bonaventure,0.261224540406
Penn,Syracuse,0.286369697279
Penn,TCU,0.214913384645
Penn,Tennessee,0.225656389323
Penn,Texas,0.273506615562
Penn,Texas A&M,0.285461692871
Penn,Texas Tech,0.223593609714
Penn,TX Southern,0.73938562996
Penn,UCLA,0.236829473503
Penn,UMBC,0.68523444012
Penn,UNC Greensboro,0.414106648978
Penn,Villanova,0.0958508361723
Penn,Virginia,0.107603543649
Penn,Virginia Tech,0.272048061149
Penn,West Virginia,0.182981447775
Penn,Wichita St,0.193756634857
Penn,Wright St,0.610082774506
Penn,Xavier,0.201624502937
Providence,Purdue,0.286270156309
Providence,Radford,0.829446089372
Providence,Rhode Island,0.464768112869
Providence,S Dakota St,0.663750850793
Providence,San Diego St,0.551738379347
Providence,Seton Hall,0.449228677318
Providence,SF Austin,0.674732763766
Providence,St Bonaventure,0.528621591277
Providence,Syracuse,0.568760564691
Providence,TCU,0.4657225495
Providence,Tennessee,0.41061352543
Providence,Texas,0.566093070443
Providence,Texas A&M,0.55981116798
Providence,Texas Tech,0.4296208891
Providence,TX Southern,0.84654307514
Providence,UCLA,0.445362914321
Providence,UMBC,0.811557474535
Providence,UNC Greensboro,0.673082005606
Providence,Villanova,0.147272994457
Providence,Virginia,0.163221217368
Providence,Virginia Tech,0.4640967402
Providence,West Virginia,0.26968880844
Providence,Wichita St,0.316706192195
Providence,Wright St,0.747699196642
Providence,Xavier,0.286650124929
Purdue,Radford,0.903081364533
Purdue,Rhode Island,0.643481776421
Purdue,S Dakota St,0.788614265601
Purdue,San Diego St,0.693642983194
Purdue,Seton Hall,0.63815045396
Purdue,SF Austin,0.830919016471
Purdue,St Bonaventure,0.699485218343
Purdue,Syracuse,0.708364059857
Purdue,TCU,0.644889335157
Purdue,Tennessee,0.60101678912
Purdue,Texas,0.70653490962
Purdue,Texas A&M,0.726736307877
Purdue,Texas Tech,0.610917424749
Purdue,TX Southern,0.911819829358
Purdue,UCLA,0.632327862377
Purdue,UMBC,0.895062074917
Purdue,UNC Greensboro,0.809662250235
Purdue,Villanova,0.240717846958
Purdue,Virginia,0.247454942721
Purdue,Virginia Tech,0.634162789153
Purdue,West Virginia,0.437282651084
Purdue,Wichita St,0.509215111777
Purdue,Wright St,0.866558486985
Purdue,Xavier,0.449883296256
Radford,Rhode Island,0.149540821875
Radford,S Dakota St,0.217972872932
Radford,San Diego St,0.147656847828
Radford,Seton Hall,0.174186836364
Radford,SF Austin,0.291530158559
Radford,St Bonaventure,0.182146978037
Radford,Syracuse,0.188033713324
Radford,TCU,0.151262441758
Radford,Tennessee,0.162289557346
Radford,Texas,0.178299476169
Radford,Texas A&M,0.188916511459
Radford,Texas Tech,0.163206541207
Radford,TX Southern,0.615219354894
Radford,UCLA,0.173667314849
Radford,UMBC,0.463470251516
Radford,UNC Greensboro,0.250663395886
Radford,Villanova,0.0653013922426
Radford,Virginia,0.0735770137665
Radford,Virginia Tech,0.19139464062
Radford,West Virginia,0.124703606661
Radford,Wichita St,0.140531270445
Radford,Wright St,0.414133187071
Radford,Xavier,0.135864121938
Rhode Island,S Dakota St,0.695464933821
Rhode Island,San Diego St,0.586425743173
Rhode Island,Seton Hall,0.480259662292
Rhode Island,SF Austin,0.755426771619
Rhode Island,St Bonaventure,0.567063839913
Rhode Island,Syracuse,0.58732077202
Rhode Island,TCU,0.493049650842
Rhode Island,Tennessee,0.431045759288
Rhode Island,Texas,0.576215843023
Rhode Island,Texas A&M,0.596014493699
Rhode Island,Texas Tech,0.453970764796
Rhode Island,TX Southern,0.87897598831
Rhode Island,UCLA,0.476357821188
Rhode Island,UMBC,0.850043255546
Rhode Island,UNC Greensboro,0.727540110085
Rhode Island,Villanova,0.180890872821
Rhode Island,Virginia,0.19520797811
Rhode Island,Virginia Tech,0.497355856526
Rhode Island,West Virginia,0.32224101971
Rhode Island,Wichita St,0.34673964593
Rhode Island,Wright St,0.824617059483
Rhode Island,Xavier,0.344307538158
S Dakota St,San Diego St,0.381527046357
S Dakota St,Seton Hall,0.332069590378
S Dakota St,SF Austin,0.632412104486
S Dakota St,St Bonaventure,0.394456773866
S Dakota St,Syracuse,0.390130020898
S Dakota St,TCU,0.322171055435
S Dakota St,Tennessee,0.314964634887
S Dakota St,Texas,0.375886902542
S Dakota St,Texas A&M,0.389822968655
S Dakota St,Texas Tech,0.308591560057
S Dakota St,TX Southern,0.820925176279
S Dakota St,UCLA,0.326305007493
S Dakota St,UMBC,0.770110762537
S Dakota St,UNC Greensboro,0.596382843414
S Dakota St,Villanova,0.135703925674
S Dakota St,Virginia,0.147620291644
S Dakota St,Virginia Tech,0.344146746477
S Dakota St,West Virginia,0.245779438989
S Dakota St,Wichita St,0.248002162598
S Dakota St,Wright St,0.749110214623
S Dakota St,Xavier,0.27286512601
San Diego St,Seton Hall,0.454490244667
San Diego St,SF Austin,0.742204782548
San Diego St,St Bonaventure,0.552611139924
San Diego St,Syracuse,0.544528568189
San Diego St,TCU,0.47038066347
San Diego St,Tennessee,0.440627094482
San Diego St,Texas,0.538397843419
San Diego St,Texas A&M,0.553438342191
San Diego St,Texas Tech,0.437710019199
San Diego St,TX Southern,0.88214065269
San Diego St,UCLA,0.455850291072
San Diego St,UMBC,0.849527666606
San Diego St,UNC Greensboro,0.728989993523
San Diego St,Villanova,0.177016706614
San Diego St,Virginia,0.196399204975
San Diego St,Virginia Tech,0.474715825047
San Diego St,West Virginia,0.344045957321
San Diego St,Wichita St,0.36537557724
San Diego St,Wright St,0.825213646654
San Diego St,Xavier,0.357495492002
Seton Hall,SF Austin,0.761980075044
Seton Hall,St Bonaventure,0.58660006545
Seton Hall,Syracuse,0.607794402649
Seton Hall,TCU,0.519600177375
Seton Hall,Tennessee,0.47118635686
Seton Hall,Texas,0.59595725871
Seton Hall,Texas A&M,0.617693205162
Seton Hall,Texas Tech,0.486201202327
Seton Hall,TX Southern,0.882312127164
Seton Hall,UCLA,0.504282514421
Seton Hall,UMBC,0.85199206844
Seton Hall,UNC Greensboro,0.734578094411
Seton Hall,Villanova,0.176823681886
Seton Hall,Virginia,0.187717329796
Seton Hall,Virginia Tech,0.5187002622
Seton Hall,West Virginia,0.328474223393
Seton Hall,Wichita St,0.374853879831
Seton Hall,Wright St,0.829345944012
Seton Hall,Xavier,0.339908819154
SF Austin,St Bonaventure,0.307091852451
SF Austin,Syracuse,0.33048037848
SF Austin,TCU,0.247374251571
SF Austin,Tennessee,0.256350635298
SF Austin,Texas,0.321747819869
SF Austin,Texas A&M,0.331758697111
SF Austin,Texas Tech,0.256936474362
SF Austin,TX Southern,0.795653664663
SF Austin,UCLA,0.276633791717
SF Austin,UMBC,0.721853737903
SF Austin,UNC Greensboro,0.47336366671
SF Austin,Villanova,0.144849281143
SF Austin,Virginia,0.168195311808
SF Austin,Virginia Tech,0.309609783655
SF Austin,West Virginia,0.212530739869
SF Austin,Wichita St,0.228489043657
SF Austin,Wright St,0.634247749044
SF Austin,Xavier,0.235241857045
St Bonaventure,Syracuse,0.564792169852
St Bonaventure,TCU,0.474310176586
St Bonaventure,Tennessee,0.448930547704
St Bonaventure,Texas,0.546773091109
St Bonaventure,Texas A&M,0.569242488106
St Bonaventure,Texas Tech,0.449211875462
St Bonaventure,TX Southern,0.867562419963
St Bonaventure,UCLA,0.467168343778
St Bonaventure,UMBC,0.831223128772
St Bonaventure,UNC Greensboro,0.699821220235
St Bonaventure,Villanova,0.164112774661
St Bonaventure,Virginia,0.17438923271
St Bonaventure,Virginia Tech,0.481555777458
St Bonaventure,West Virginia,0.334965070662
St Bonaventure,Wichita St,0.348659630285
St Bonaventure,Wright St,0.814909434359
St Bonaventure,Xavier,0.346509027799
Syracuse,TCU,0.391216227652
Syracuse,Tennessee,0.363083514619
Syracuse,Texas,0.500658019057
Syracuse,Texas A&M,0.489660131528
Syracuse,Texas Tech,0.386494866324
Syracuse,TX Southern,0.843270925521
Syracuse,UCLA,0.396516630433
Syracuse,UMBC,0.788642039093
Syracuse,UNC Greensboro,0.643756840883
Syracuse,Villanova,0.144329949301
Syracuse,Virginia,0.164038753274
Syracuse,Virginia Tech,0.418913999282
Syracuse,West Virginia,0.267230127776
Syracuse,Wichita St,0.277125977906
Syracuse,Wright St,0.727844399247
Syracuse,Xavier,0.274719566947
TCU,Tennessee,0.426743481835
TCU,Texas,0.566125005534
TCU,Texas A&M,0.58835729489
TCU,Texas Tech,0.445932578594
TCU,TX Southern,0.874233546122
TCU,UCLA,0.459430057167
TCU,UMBC,0.842901913652
TCU,UNC Greensboro,0.723241336417
TCU,Villanova,0.174755110874
TCU,Virginia,0.184746217268
TCU,Virginia Tech,0.481170439631
TCU,West Virginia,0.315188908201
TCU,Wichita St,0.333608917834
TCU,Wright St,0.814767884939
TCU,Xavier,0.326546135045
Tennessee,Texas,0.68467745511
Tennessee,Texas A&M,0.704011064054
Tennessee,Texas Tech,0.582122918285
Tennessee,TX Southern,0.907351262003
Tennessee,UCLA,0.595313529911
Tennessee,UMBC,0.888435136492
Tennessee,UNC Greensboro,0.78425138646
Tennessee,Villanova,0.222786084412
Tennessee,Virginia,0.236681189444
Tennessee,Virginia Tech,0.610602581925
Tennessee,West Virginia,0.410683802398
Tennessee,Wichita St,0.482221209965
Tennessee,Wright St,0.870112148553
Tennessee,Xavier,0.423354770644
Texas,Texas A&M,0.472334631677
Texas,Texas Tech,0.363736016813
Texas,TX Southern,0.822097619192
Texas,UCLA,0.378666618265
Texas,UMBC,0.782937473115
Texas,UNC Greensboro,0.632984256442
Texas,Villanova,0.135287614965
Texas,Virginia,0.148798046588
Texas,Virginia Tech,0.40472138308
Texas,West Virginia,0.244304834754
Texas,Wichita St,0.262314412538
Texas,Wright St,0.714973959532
Texas,Xavier,0.262246463139
Texas A&M,Texas Tech,0.382081610013
Texas A&M,TX Southern,0.821272905756
Texas A&M,UCLA,0.391270293762
Texas A&M,UMBC,0.772703613106
Texas A&M,UNC Greensboro,0.62553620824
Texas A&M,Villanova,0.127706764493
Texas A&M,Virginia,0.148859273323
Texas A&M,Virginia Tech,0.419698857532
Texas A&M,West Virginia,0.257377049735
Texas A&M,Wichita St,0.271389290942
Texas A&M,Wright St,0.723852889658
Texas A&M,Xavier,0.26791917977
Texas Tech,TX Southern,0.881211860992
Texas Tech,UCLA,0.508360542828
Texas Tech,UMBC,0.85875865109
Texas Tech,UNC Greensboro,0.73923028854
Texas Tech,Villanova,0.182577743171
Texas Tech,Virginia,0.206976953691
Texas Tech,Virginia Tech,0.536424323945
Texas Tech,West Virginia,0.327943559596
Texas Tech,Wichita St,0.382373604031
Texas Tech,Wright St,0.824779874636
Texas Tech,Xavier,0.338377407266
TX Southern,UCLA,0.15346521038
TX Southern,UMBC,0.406786095165
TX Southern,UNC Greensboro,0.234493656915
TX Southern,Villanova,0.0610665850922
TX Southern,Virginia,0.0732697058087
TX Southern,Virginia Tech,0.163998000789
TX Southern,West Virginia,0.111947976767
TX Southern,Wichita St,0.121117267025
TX Southern,Wright St,0.37618612105
TX Southern,Xavier,0.128839228831
UCLA,UMBC,0.869682041078
UCLA,UNC Greensboro,0.74926108042
UCLA,Villanova,0.207203329982
UCLA,Virginia,0.212204671956
UCLA,Virginia Tech,0.564795320075
UCLA,West Virginia,0.360749781203
UCLA,Wichita St,0.429789252231
UCLA,Wright St,0.827903396311
UCLA,Xavier,0.372684378513
UMBC,UNC Greensboro,0.240387523785
UMBC,Villanova,0.0668009079746
UMBC,Virginia,0.0744473003222
UMBC,Virginia Tech,0.205119187391
UMBC,West Virginia,0.124717183502
UMBC,Wichita St,0.13816378814
UMBC,Wright St,0.419843121393
UMBC,Xavier,0.144177893324
UNC Greensboro,Villanova,0.12135583701
UNC Greensboro,Virginia,0.144718632763
UNC Greensboro,Virginia Tech,0.318888006459
UNC Greensboro,West Virginia,0.221830876045
UNC Greensboro,Wichita St,0.230040593154
UNC Greensboro,Wright St,0.674935865878
UNC Greensboro,Xavier,0.236987466019
Villanova,Virginia,0.468190638585
Villanova,Virginia Tech,0.806728360655
Villanova,West Virginia,0.693220038783
Villanova,Wichita St,0.731810735064
Villanova,Wright St,0.945043962611
Villanova,Xavier,0.699489729995
Virginia,Virginia Tech,0.799887409235
Virginia,West Virginia,0.673324627593
Virginia,Wichita St,0.696407431738
Virginia,Wright St,0.938571700228
Virginia,Xavier,0.678638562393
Virginia Tech,West Virginia,0.297305072277
Virginia Tech,Wichita St,0.344149969435
Virginia Tech,Wright St,0.796885786156
Virginia Tech,Xavier,0.310372701837
West Virginia,Wichita St,0.553339047599
West Virginia,Wright St,0.896492590899
West Virginia,Xavier,0.49430762868
Wichita St,Wright St,0.868603920786
Wichita St,Xavier,0.440233856561
Wright St,Xavier,0.181115277448
