Alabama,Arizona,0.228469198427
Alabama,Arizona St,0.454845248431
Alabama,Arkansas,0.401635213839
Alabama,Auburn,0.404177300243
Alabama,Bucknell,0.743972724156
Alabama,Buffalo,0.693539589973
Alabama,Butler,0.425979634769
Alabama,Cincinnati,0.196605325416
Alabama,Clemson,0.332579314229
Alabama,Col Charleston,0.704113972487
Alabama,Creighton,0.343965862887
Alabama,CS Fullerton,0.866152668485
Alabama,Davidson,0.54791767752
Alabama,Duke,0.219335303203
Alabama,Florida,0.39190042306
Alabama,Florida St,0.268050818923
Alabama,Georgia St,0.79998603112
Alabama,Gonzaga,0.182187095382
Alabama,Houston,0.320384605592
Alabama,Iona,0.810333914241
Alabama,Kansas,0.152899365802
Alabama,Kansas St,0.294389268664
Alabama,Kentucky,0.311011788621
Alabama,Lipscomb,0.869449244027
Alabama,Long Island,0.923446547694
Alabama,Loyola-Chicago,0.557614236005
Alabama,Marshall,0.738019496851
Alabama,Miami FL,0.26082577191
Alabama,Michigan,0.217722113802
Alabama,Michigan St,0.223662352368
Alabama,Missouri,0.602457763244
Alabama,Montana,0.802331764578
Alabama,Murray St,0.720948933822
Alabama,NC Central,0.932526814519
Alabama,NC State,0.5041196991
Alabama,Nevada,0.383115991148
Alabama,New Mexico St,0.595433061829
Alabama,North Carolina,0.305995761556
Alabama,Ohio St,0.418032802995
Alabama,Oklahoma,0.444584519738
Alabama,Penn,0.802905177964
Alabama,Providence,0.382939582807
Alabama,Purdue,0.246648737936
Alabama,Radford,0.896718819231
Alabama,Rhode Island,0.458315342324
Alabama,S Dakota St,0.698212400512
Alabama,San Diego St,0.497726121329
Alabama,Seton Hall,0.351696084645
Alabama,SF Austin,0.782047765198
Alabama,St Bonaventure,0.441364508274
Alabama,Syracuse,0.463617305375
Alabama,TCU,0.332057613127
Alabama,Tennessee,0.348942123566
Alabama,Texas,0.407848404237
Alabama,Texas A&M,0.416903452109
Alabama,Texas Tech,0.28842010276
Alabama,TX Southern,0.934282532558
Alabama,UCLA,0.383131404908
Alabama,UMBC,0.864303143978
Alabama,UNC Greensboro,0.722488612077
Alabama,Villanova,0.123130451076
Alabama,Virginia,0.139072938562
Alabama,Virginia Tech,0.308420832585
Alabama,West Virginia,0.226848018028
Alabama,Wichita St,0.262723378634
Alabama,Wright St,0.811187471077
Alabama,Xavier,0.220980279539
Arizona,Arizona St,0.747603842564
Arizona,Arkansas,0.740576655379
Arizona,Auburn,0.723074390255
Arizona,Bucknell,0.865691183797
Arizona,Buffalo,0.851588052726
Arizona,Butler,0.750206337623
Arizona,Cincinnati,0.429520659474
Arizona,Clemson,0.699854598424
Arizona,Col Charleston,0.856795123605
Arizona,Creighton,0.699924639334
Arizona,CS Fullerton,0.923910563509
Arizona,Davidson,0.781032345194
Arizona,Duke,0.48997241452
Arizona,Florida,0.732686022763
Arizona,Florida St,0.618036764519
Arizona,Georgia St,0.895542475483
Arizona,Gonzaga,0.401753434829
Arizona,Houston,0.694011990046
Arizona,Iona,0.897837120133
Arizona,Kansas,0.356596924532
Arizona,Kansas St,0.667475116366
Arizona,Kentucky,0.603162995629
Arizona,Lipscomb,0.928069494367
Arizona,Long Island,0.956147398603
Arizona,Loyola-Chicago,0.797353382347
Arizona,Marshall,0.862043375266
Arizona,Miami FL,0.550237343287
Arizona,Michigan,0.494068246545
Arizona,Michigan St,0.481905089764
Arizona,Missouri,0.820401418602
Arizona,Montana,0.893039489685
Arizona,Murray St,0.866257175281
Arizona,NC Central,0.960484542111
Arizona,NC State,0.771770306693
Arizona,Nevada,0.715459173394
Arizona,New Mexico St,0.821535789345
Arizona,North Carolina,0.58903637889
Arizona,Ohio St,0.744051160278
Arizona,Oklahoma,0.740808505995
Arizona,Penn,0.897335331222
Arizona,Providence,0.719651595219
Arizona,Purdue,0.513864525692
Arizona,Radford,0.93961938703
Arizona,Rhode Island,0.762508620042
Arizona,S Dakota St,0.854808081058
Arizona,San Diego St,0.776137557608
Arizona,Seton Hall,0.71275816401
Arizona,SF Austin,0.885797649309
Arizona,St Bonaventure,0.738294926298
Arizona,Syracuse,0.754145214522
Arizona,TCU,0.685653596513
Arizona,Tennessee,0.710274461094
Arizona,Texas,0.73604718755
Arizona,Texas A&M,0.743242994001
Arizona,Texas Tech,0.646363884176
Arizona,TX Southern,0.962237101097
Arizona,UCLA,0.725251931882
Arizona,UMBC,0.922400485584
Arizona,UNC Greensboro,0.86616811262
Arizona,Villanova,0.295863586333
Arizona,Virginia,0.331996148887
Arizona,Virginia Tech,0.663347030851
Arizona,West Virginia,0.486464143573
Arizona,Wichita St,0.543723625053
Arizona,Wright St,0.897547897736
Arizona,Xavier,0.471101090001
Arizona St,Arkansas,0.37039864147
Arizona St,Auburn,0.372436885112
Arizona St,Bucknell,0.731578479246
Arizona St,Buffalo,0.653523047502
Arizona St,Butler,0.386464659807
Arizona St,Cincinnati,0.182160949691
Arizona St,Clemson,0.321522724515
Arizona St,Col Charleston,0.673568242284
Arizona St,Creighton,0.314854391693
Arizona St,CS Fullerton,0.860030131024
Arizona St,Davidson,0.515787413078
Arizona St,Duke,0.204846138548
Arizona St,Florida,0.360964232695
Arizona St,Florida St,0.252054770908
Arizona St,Georgia St,0.804419857167
Arizona St,Gonzaga,0.16825787163
Arizona St,Houston,0.309545400808
Arizona St,Iona,0.804515575616
Arizona St,Kansas,0.148965542176
Arizona St,Kansas St,0.283688601005
Arizona St,Kentucky,0.285507852652
Arizona St,Lipscomb,0.862555563383
Arizona St,Long Island,0.913832302453
Arizona St,Loyola-Chicago,0.544349839387
Arizona St,Marshall,0.727461008771
Arizona St,Miami FL,0.247136084263
Arizona St,Michigan,0.212992534987
Arizona St,Michigan St,0.214455629695
Arizona St,Missouri,0.595512708021
Arizona St,Montana,0.798868652883
Arizona St,Murray St,0.727556524036
Arizona St,NC Central,0.925350722315
Arizona St,NC State,0.472680042399
Arizona St,Nevada,0.364090084447
Arizona St,New Mexico St,0.572855732756
Arizona St,North Carolina,0.278012643256
Arizona St,Ohio St,0.371485310807
Arizona St,Oklahoma,0.411864384482
Arizona St,Penn,0.80029700229
Arizona St,Providence,0.359423174781
Arizona St,Purdue,0.231215185833
Arizona St,Radford,0.888159334287
Arizona St,Rhode Island,0.413433056173
Arizona St,S Dakota St,0.660411964424
Arizona St,San Diego St,0.479364546072
Arizona St,Seton Hall,0.329075130025
Arizona St,SF Austin,0.785345667704
Arizona St,St Bonaventure,0.412958390553
Arizona St,Syracuse,0.434893949009
Arizona St,TCU,0.313879895564
Arizona St,Tennessee,0.324545442273
Arizona St,Texas,0.390543027574
Arizona St,Texas A&M,0.397280225561
Arizona St,Texas Tech,0.270198995369
Arizona St,TX Southern,0.925805769837
Arizona St,UCLA,0.352486186389
Arizona St,UMBC,0.857857400099
Arizona St,UNC Greensboro,0.724777328927
Arizona St,Villanova,0.117294946113
Arizona St,Virginia,0.137573017694
Arizona St,Virginia Tech,0.2913524052
Arizona St,West Virginia,0.206112158276
Arizona St,Wichita St,0.24727966081
Arizona St,Wright St,0.817313373355
Arizona St,Xavier,0.206712167515
Arkansas,Auburn,0.518495651713
Arkansas,Bucknell,0.785023490069
Arkansas,Buffalo,0.739849068044
Arkansas,Butler,0.523010545385
Arkansas,Cincinnati,0.244472333909
Arkansas,Clemson,0.436351505057
Arkansas,Col Charleston,0.755192811204
Arkansas,Creighton,0.441227274502
Arkansas,CS Fullerton,0.884423478478
Arkansas,Davidson,0.655483268006
Arkansas,Duke,0.272333423133
Arkansas,Florida,0.480005149543
Arkansas,Florida St,0.360673984917
Arkansas,Georgia St,0.838314920394
Arkansas,Gonzaga,0.228840295299
Arkansas,Houston,0.42828821157
Arkansas,Iona,0.842990027644
Arkansas,Kansas,0.196727890577
Arkansas,Kansas St,0.398673672831
Arkansas,Kentucky,0.386447397565
Arkansas,Lipscomb,0.887417742424
Arkansas,Long Island,0.932559907835
Arkansas,Loyola-Chicago,0.663100497533
Arkansas,Marshall,0.779742194921
Arkansas,Miami FL,0.326927056369
Arkansas,Michigan,0.286437498674
Arkansas,Michigan St,0.283604874263
Arkansas,Missouri,0.673801962349
Arkansas,Montana,0.840300874045
Arkansas,Murray St,0.782704227448
Arkansas,NC Central,0.942340380268
Arkansas,NC State,0.62461009903
Arkansas,Nevada,0.496440723406
Arkansas,New Mexico St,0.691319336209
Arkansas,North Carolina,0.370008926973
Arkansas,Ohio St,0.507113171843
Arkansas,Oklahoma,0.554019057416
Arkansas,Penn,0.833468221216
Arkansas,Providence,0.478336288834
Arkansas,Purdue,0.303679305895
Arkansas,Radford,0.911244752873
Arkansas,Rhode Island,0.560908592862
Arkansas,S Dakota St,0.739747700348
Arkansas,San Diego St,0.613246846766
Arkansas,Seton Hall,0.462961485585
Arkansas,SF Austin,0.823053848247
Arkansas,St Bonaventure,0.564034317211
Arkansas,Syracuse,0.56822272184
Arkansas,TCU,0.441078157206
Arkansas,Tennessee,0.459954398792
Arkansas,Texas,0.527944706304
Arkansas,Texas A&M,0.525976843948
Arkansas,Texas Tech,0.382637121443
Arkansas,TX Southern,0.942186675553
Arkansas,UCLA,0.470963674295
Arkansas,UMBC,0.886059305186
Arkansas,UNC Greensboro,0.784005252124
Arkansas,Villanova,0.159604521998
Arkansas,Virginia,0.183921852592
Arkansas,Virginia Tech,0.401787008585
Arkansas,West Virginia,0.285598055985
Arkansas,Wichita St,0.327096848328
Arkansas,Wright St,0.851082274848
Arkansas,Xavier,0.274236248278
Auburn,Bucknell,0.790458107877
Auburn,Buffalo,0.743272881044
Auburn,Butler,0.496539336335
Auburn,Cincinnati,0.231160573501
Auburn,Clemson,0.415258618277
Auburn,Col Charleston,0.74161454016
Auburn,Creighton,0.429983502801
Auburn,CS Fullerton,0.889534511223
Auburn,Davidson,0.629245563244
Auburn,Duke,0.258086084974
Auburn,Florida,0.475158647199
Auburn,Florida St,0.351121628499
Auburn,Georgia St,0.839495438139
Auburn,Gonzaga,0.225184488744
Auburn,Houston,0.410576425111
Auburn,Iona,0.849518730158
Auburn,Kansas,0.192499178349
Auburn,Kansas St,0.38136963176
Auburn,Kentucky,0.364825382745
Auburn,Lipscomb,0.892326795519
Auburn,Long Island,0.935315806337
Auburn,Loyola-Chicago,0.617683954937
Auburn,Marshall,0.786573654323
Auburn,Miami FL,0.312712979382
Auburn,Michigan,0.274786718744
Auburn,Michigan St,0.261425673955
Auburn,Missouri,0.663649259273
Auburn,Montana,0.837648238456
Auburn,Murray St,0.769854444432
Auburn,NC Central,0.940694648602
Auburn,NC State,0.59002980042
Auburn,Nevada,0.47515486641
Auburn,New Mexico St,0.652523234595
Auburn,North Carolina,0.33993881535
Auburn,Ohio St,0.491780091864
Auburn,Oklahoma,0.538602229821
Auburn,Penn,0.835049515204
Auburn,Providence,0.465752176365
Auburn,Purdue,0.286859043085
Auburn,Radford,0.914024718439
Auburn,Rhode Island,0.530740978143
Auburn,S Dakota St,0.74546824494
Auburn,San Diego St,0.590599783596
Auburn,Seton Hall,0.432487681332
Auburn,SF Austin,0.826274794868
Auburn,St Bonaventure,0.527966604748
Auburn,Syracuse,0.550284672233
Auburn,TCU,0.423487862268
Auburn,Tennessee,0.42952022277
Auburn,Texas,0.506319812396
Auburn,Texas A&M,0.508078555843
Auburn,Texas Tech,0.374573047505
Auburn,TX Southern,0.943722723997
Auburn,UCLA,0.448066229662
Auburn,UMBC,0.891514115641
Auburn,UNC Greensboro,0.780305248652
Auburn,Villanova,0.157810165395
Auburn,Virginia,0.166857105509
Auburn,Virginia Tech,0.388591080162
Auburn,West Virginia,0.28293114583
Auburn,Wichita St,0.317991457833
Auburn,Wright St,0.850120098121
Auburn,Xavier,0.258441508662
Bucknell,Buffalo,0.397409988713
Bucknell,Butler,0.23128706705
Bucknell,Cincinnati,0.0881118471032
Bucknell,Clemson,0.182193950416
Bucknell,Col Charleston,0.400495347643
Bucknell,Creighton,0.180863710264
Bucknell,CS Fullerton,0.725937715532
Bucknell,Davidson,0.323445846615
Bucknell,Duke,0.100524358419
Bucknell,Florida,0.204692432199
Bucknell,Florida St,0.134165688238
Bucknell,Georgia St,0.592860001403
Bucknell,Gonzaga,0.0860025385384
Bucknell,Houston,0.17002443066
Bucknell,Iona,0.62026754397
Bucknell,Kansas,0.0720610770447
Bucknell,Kansas St,0.154051368321
Bucknell,Kentucky,0.154773857446
Bucknell,Lipscomb,0.717678069109
Bucknell,Long Island,0.829023332143
Bucknell,Loyola-Chicago,0.311110042543
Bucknell,Marshall,0.439008992756
Bucknell,Miami FL,0.127888244479
Bucknell,Michigan,0.114072576415
Bucknell,Michigan St,0.105299205518
Bucknell,Missouri,0.317110491951
Bucknell,Montana,0.598437996828
Bucknell,Murray St,0.450910253703
Bucknell,NC Central,0.851426947992
Bucknell,NC State,0.25894528304
Bucknell,Nevada,0.184712242848
Bucknell,New Mexico St,0.313947701012
Bucknell,North Carolina,0.140089420492
Bucknell,Ohio St,0.220164057297
Bucknell,Oklahoma,0.218499813436
Bucknell,Penn,0.563821474625
Bucknell,Providence,0.201029184961
Bucknell,Purdue,0.114774641588
Bucknell,Radford,0.781174126084
Bucknell,Rhode Island,0.236692878879
Bucknell,S Dakota St,0.403037451874
Bucknell,San Diego St,0.262165932499
Bucknell,Seton Hall,0.185009965485
Bucknell,SF Austin,0.538265337302
Bucknell,St Bonaventure,0.220594173948
Bucknell,Syracuse,0.229274055673
Bucknell,TCU,0.160301666363
Bucknell,Tennessee,0.185593684793
Bucknell,Texas,0.20188152218
Bucknell,Texas A&M,0.200612525076
Bucknell,Texas Tech,0.145474205631
Bucknell,TX Southern,0.849996924359
Bucknell,UCLA,0.192671939693
Bucknell,UMBC,0.729558794058
Bucknell,UNC Greensboro,0.453949577862
Bucknell,Villanova,0.0567993895238
Bucknell,Virginia,0.0658665861369
Bucknell,Virginia Tech,0.1619764199
Bucknell,West Virginia,0.112501510072
Bucknell,Wichita St,0.127974318797
Bucknell,Wright St,0.597948305026
Bucknell,Xavier,0.100990405298
Buffalo,Butler,0.268842327407
Buffalo,Cincinnati,0.110092179724
Buffalo,Clemson,0.204277663128
Buffalo,Col Charleston,0.516329440785
Buffalo,Creighton,0.216427687157
Buffalo,CS Fullerton,0.796994476423
Buffalo,Davidson,0.369733280279
Buffalo,Duke,0.126024545362
Buffalo,Florida,0.240619262287
Buffalo,Florida St,0.160207488141
Buffalo,Georgia St,0.70338436829
Buffalo,Gonzaga,0.107518725757
Buffalo,Houston,0.198988849236
Buffalo,Iona,0.732906811636
Buffalo,Kansas,0.0904344828661
Buffalo,Kansas St,0.178534020043
Buffalo,Kentucky,0.186374923502
Buffalo,Lipscomb,0.795361319102
Buffalo,Long Island,0.882304048798
Buffalo,Loyola-Chicago,0.378314489238
Buffalo,Marshall,0.578605376143
Buffalo,Miami FL,0.150980337483
Buffalo,Michigan,0.138711218599
Buffalo,Michigan St,0.129241949509
Buffalo,Missouri,0.425963280652
Buffalo,Montana,0.709787452297
Buffalo,Murray St,0.57795018072
Buffalo,NC Central,0.895713253624
Buffalo,NC State,0.315838587448
Buffalo,Nevada,0.228998884369
Buffalo,New Mexico St,0.403370549229
Buffalo,North Carolina,0.174874037956
Buffalo,Ohio St,0.262486467491
Buffalo,Oklahoma,0.268222242194
Buffalo,Penn,0.689785294437
Buffalo,Providence,0.233787623936
Buffalo,Purdue,0.144328530574
Buffalo,Radford,0.843550527871
Buffalo,Rhode Island,0.271777929422
Buffalo,S Dakota St,0.529728270506
Buffalo,San Diego St,0.322943059631
Buffalo,Seton Hall,0.21586328078
Buffalo,SF Austin,0.654985445224
Buffalo,St Bonaventure,0.266044684381
Buffalo,Syracuse,0.275879924442
Buffalo,TCU,0.190301504144
Buffalo,Tennessee,0.213822152768
Buffalo,Texas,0.249221096429
Buffalo,Texas A&M,0.250540006161
Buffalo,Texas Tech,0.1732717424
Buffalo,TX Southern,0.897549438113
Buffalo,UCLA,0.229906131919
Buffalo,UMBC,0.801711273946
Buffalo,UNC Greensboro,0.579993383729
Buffalo,Villanova,0.07158169906
Buffalo,Virginia,0.0779144044536
Buffalo,Virginia Tech,0.186830104236
Buffalo,West Virginia,0.140565158214
Buffalo,Wichita St,0.155107703869
Buffalo,Wright St,0.711848485084
Buffalo,Xavier,0.127506167861
Butler,Cincinnati,0.247727453548
Butler,Clemson,0.43621401553
Butler,Col Charleston,0.726262460273
Butler,Creighton,0.454283423968
Butler,CS Fullerton,0.862105086281
Butler,Davidson,0.632613414169
Butler,Duke,0.275824079111
Butler,Florida,0.470323751982
Butler,Florida St,0.367739357069
Butler,Georgia St,0.805340850353
Butler,Gonzaga,0.242814561596
Butler,Houston,0.428151332798
Butler,Iona,0.819414857101
Butler,Kansas,0.209273350098
Butler,Kansas St,0.398539660915
Butler,Kentucky,0.373842764414
Butler,Lipscomb,0.869163818743
Butler,Long Island,0.925778887705
Butler,Loyola-Chicago,0.633892175291
Butler,Marshall,0.74503350315
Butler,Miami FL,0.319878410689
Butler,Michigan,0.296033010782
Butler,Michigan St,0.280864600793
Butler,Missouri,0.64262566931
Butler,Montana,0.807638884037
Butler,Murray St,0.736945053512
Butler,NC Central,0.933891594803
Butler,NC State,0.591185037355
Butler,Nevada,0.504068763007
Butler,New Mexico St,0.669012223448
Butler,North Carolina,0.358019805649
Butler,Ohio St,0.497408025238
Butler,Oklahoma,0.559249440945
Butler,Penn,0.810141456221
Butler,Providence,0.460928936687
Butler,Purdue,0.307402009408
Butler,Radford,0.898729231477
Butler,Rhode Island,0.559861233608
Butler,S Dakota St,0.718963012092
Butler,San Diego St,0.596287582461
Butler,Seton Hall,0.453457694131
Butler,SF Austin,0.789682821892
Butler,St Bonaventure,0.55459836827
Butler,Syracuse,0.565112390264
Butler,TCU,0.448613375764
Butler,Tennessee,0.450460559097
Butler,Texas,0.529902150462
Butler,Texas A&M,0.533577829135
Butler,Texas Tech,0.389870368409
Butler,TX Southern,0.935614251897
Butler,UCLA,0.461302859857
Butler,UMBC,0.869450115696
Butler,UNC Greensboro,0.754628106116
Butler,Villanova,0.170284458704
Butler,Virginia,0.181900187679
Butler,Virginia Tech,0.409142349867
Butler,West Virginia,0.294710403015
Butler,Wichita St,0.323635042798
Butler,Wright St,0.821853113848
Butler,Xavier,0.277741984637
Cincinnati,Clemson,0.728500780828
Cincinnati,Col Charleston,0.872789223332
Cincinnati,Creighton,0.712409063813
Cincinnati,CS Fullerton,0.935015026354
Cincinnati,Davidson,0.798708132657
Cincinnati,Duke,0.500483299312
Cincinnati,Florida,0.742977812229
Cincinnati,Florida St,0.651623125544
Cincinnati,Georgia St,0.908447183729
Cincinnati,Gonzaga,0.420365838231
Cincinnati,Houston,0.730175871594
Cincinnati,Iona,0.907214232905
Cincinnati,Kansas,0.365250328561
Cincinnati,Kansas St,0.705444186393
Cincinnati,Kentucky,0.625974076029
Cincinnati,Lipscomb,0.93487298641
Cincinnati,Long Island,0.960258594828
Cincinnati,Loyola-Chicago,0.810082673099
Cincinnati,Marshall,0.874406193226
Cincinnati,Miami FL,0.598246524679
Cincinnati,Michigan,0.518924912222
Cincinnati,Michigan St,0.519656060122
Cincinnati,Missouri,0.841979977876
Cincinnati,Montana,0.907305908916
Cincinnati,Murray St,0.883630337952
Cincinnati,NC Central,0.96496479013
Cincinnati,NC State,0.789577780249
Cincinnati,Nevada,0.733195268692
Cincinnati,New Mexico St,0.839511985792
Cincinnati,North Carolina,0.595858942643
Cincinnati,Ohio St,0.763358249869
Cincinnati,Oklahoma,0.754709610078
Cincinnati,Penn,0.906020165757
Cincinnati,Providence,0.744621232289
Cincinnati,Purdue,0.533043015159
Cincinnati,Radford,0.949989082667
Cincinnati,Rhode Island,0.783377955385
Cincinnati,S Dakota St,0.863852705791
Cincinnati,San Diego St,0.798012271117
Cincinnati,Seton Hall,0.738118349215
Cincinnati,SF Austin,0.899572999671
Cincinnati,St Bonaventure,0.763550535907
Cincinnati,Syracuse,0.779782306822
Cincinnati,TCU,0.716136419411
Cincinnati,Tennessee,0.73577263847
Cincinnati,Texas,0.768774868646
Cincinnati,Texas A&M,0.765986563612
Cincinnati,Texas Tech,0.688081140662
Cincinnati,TX Southern,0.965785386346
Cincinnati,UCLA,0.739694204321
Cincinnati,UMBC,0.932099158608
Cincinnati,UNC Greensboro,0.881571953238
Cincinnati,Villanova,0.317004086446
Cincinnati,Virginia,0.368413513656
Cincinnati,Virginia Tech,0.687198781017
Cincinnati,West Virginia,0.524026523386
Cincinnati,Wichita St,0.573878585599
Cincinnati,Wright St,0.909254826034
Cincinnati,Xavier,0.490293229698
Clemson,Col Charleston,0.753141272096
Clemson,Creighton,0.464079008805
Clemson,CS Fullerton,0.886467986786
Clemson,Davidson,0.652980103148
Clemson,Duke,0.301529159913
Clemson,Florida,0.497405513163
Clemson,Florida St,0.388824111893
Clemson,Georgia St,0.847553229881
Clemson,Gonzaga,0.255007341852
Clemson,Houston,0.450233309827
Clemson,Iona,0.84965204527
Clemson,Kansas,0.220271842785
Clemson,Kansas St,0.420216676846
Clemson,Kentucky,0.403085255089
Clemson,Lipscomb,0.892435204285
Clemson,Long Island,0.934113584107
Clemson,Loyola-Chicago,0.671662541211
Clemson,Marshall,0.783158912768
Clemson,Miami FL,0.355311976497
Clemson,Michigan,0.304991724345
Clemson,Michigan St,0.306840391137
Clemson,Missouri,0.697864397399
Clemson,Montana,0.842987330406
Clemson,Murray St,0.789192968238
Clemson,NC Central,0.940494310274
Clemson,NC State,0.640792719165
Clemson,Nevada,0.526461506434
Clemson,New Mexico St,0.699489229772
Clemson,North Carolina,0.391758188734
Clemson,Ohio St,0.512112835485
Clemson,Oklahoma,0.576683544864
Clemson,Penn,0.843465816
Clemson,Providence,0.487968100905
Clemson,Purdue,0.334689861979
Clemson,Radford,0.910750179281
Clemson,Rhode Island,0.560255704121
Clemson,S Dakota St,0.747867409774
Clemson,San Diego St,0.646518349227
Clemson,Seton Hall,0.472564158891
Clemson,SF Austin,0.832990423123
Clemson,St Bonaventure,0.573494676643
Clemson,Syracuse,0.577660248869
Clemson,TCU,0.470881684991
Clemson,Tennessee,0.469549233784
Clemson,Texas,0.552164765292
Clemson,Texas A&M,0.561386283165
Clemson,Texas Tech,0.411398379693
Clemson,TX Southern,0.943532000724
Clemson,UCLA,0.493993951557
Clemson,UMBC,0.885442033129
Clemson,UNC Greensboro,0.790465543044
Clemson,Villanova,0.17639122795
Clemson,Virginia,0.19767514153
Clemson,Virginia Tech,0.436535252015
Clemson,West Virginia,0.310736581694
Clemson,Wichita St,0.359264923433
Clemson,Wright St,0.853618960486
Clemson,Xavier,0.30355088162
Col Charleston,Creighton,0.194825535656
Col Charleston,CS Fullerton,0.780913493444
Col Charleston,Davidson,0.342056620208
Col Charleston,Duke,0.111817676053
Col Charleston,Florida,0.213575057418
Col Charleston,Florida St,0.139673190447
Col Charleston,Georgia St,0.675065574802
Col Charleston,Gonzaga,0.0958382439185
Col Charleston,Houston,0.178730281081
Col Charleston,Iona,0.698925999514
Col Charleston,Kansas,0.0804426910572
Col Charleston,Kansas St,0.156087342339
Col Charleston,Kentucky,0.167132598825
Col Charleston,Lipscomb,0.779186809211
Col Charleston,Long Island,0.873180948266
Col Charleston,Loyola-Chicago,0.350352547327
Col Charleston,Marshall,0.535031738911
Col Charleston,Miami FL,0.136502112986
Col Charleston,Michigan,0.12404535437
Col Charleston,Michigan St,0.118500253066
Col Charleston,Missouri,0.385253505275
Col Charleston,Montana,0.678287190173
Col Charleston,Murray St,0.53436331588
Col Charleston,NC Central,0.886336990142
Col Charleston,NC State,0.28049444381
Col Charleston,Nevada,0.202911753383
Col Charleston,New Mexico St,0.386340762773
Col Charleston,North Carolina,0.161041139585
Col Charleston,Ohio St,0.236284566677
Col Charleston,Oklahoma,0.237763050652
Col Charleston,Penn,0.671466589858
Col Charleston,Providence,0.210919148221
Col Charleston,Purdue,0.13252377625
Col Charleston,Radford,0.831663806407
Col Charleston,Rhode Island,0.251671982486
Col Charleston,S Dakota St,0.493559470195
Col Charleston,San Diego St,0.293104669963
Col Charleston,Seton Hall,0.194303494598
Col Charleston,SF Austin,0.625246627878
Col Charleston,St Bonaventure,0.234363961975
Col Charleston,Syracuse,0.25571190917
Col Charleston,TCU,0.166675517829
Col Charleston,Tennessee,0.1890400207
Col Charleston,Texas,0.223941293082
Col Charleston,Texas A&M,0.226517302552
Col Charleston,Texas Tech,0.151364768731
Col Charleston,TX Southern,0.889985413867
Col Charleston,UCLA,0.207314603809
Col Charleston,UMBC,0.775498284517
Col Charleston,UNC Greensboro,0.547473146579
Col Charleston,Villanova,0.0635274029427
Col Charleston,Virginia,0.0710904144377
Col Charleston,Virginia Tech,0.167550462081
Col Charleston,West Virginia,0.121355980885
Col Charleston,Wichita St,0.138543875261
Col Charleston,Wright St,0.68722758977
Col Charleston,Xavier,0.116889371484
Creighton,CS Fullerton,0.89242929015
Creighton,Davidson,0.662173918601
Creighton,Duke,0.295370108656
Creighton,Florida,0.499845662792
Creighton,Florida St,0.391146143217
Creighton,Georgia St,0.854176664867
Creighton,Gonzaga,0.249459163039
Creighton,Houston,0.460359471101
Creighton,Iona,0.853390109966
Creighton,Kansas,0.215261036195
Creighton,Kansas St,0.430196007891
Creighton,Kentucky,0.405435956011
Creighton,Lipscomb,0.895240713277
Creighton,Long Island,0.935239046172
Creighton,Loyola-Chicago,0.680603496917
Creighton,Marshall,0.784811901778
Creighton,Miami FL,0.361336781122
Creighton,Michigan,0.305342647824
Creighton,Michigan St,0.307192501528
Creighton,Missouri,0.706403735833
Creighton,Montana,0.850847565336
Creighton,Murray St,0.799104429772
Creighton,NC Central,0.943205195746
Creighton,NC State,0.643036308859
Creighton,Nevada,0.528894197162
Creighton,New Mexico St,0.708001860118
Creighton,North Carolina,0.384771393067
Creighton,Ohio St,0.514551268644
Creighton,Oklahoma,0.579064520308
Creighton,Penn,0.847330050613
Creighton,Providence,0.498173907396
Creighton,Purdue,0.32817171302
Creighton,Radford,0.914032740079
Creighton,Rhode Island,0.568226081599
Creighton,S Dakota St,0.74811735892
Creighton,San Diego St,0.648745780074
Creighton,Seton Hall,0.482751542095
Creighton,SF Austin,0.841256873629
Creighton,St Bonaventure,0.583450981022
Creighton,Syracuse,0.585543776104
Creighton,TCU,0.473314254101
Creighton,Tennessee,0.479730738392
Creighton,Texas,0.56016666366
Creighton,Texas A&M,0.563788216854
Creighton,Texas Tech,0.413763955762
Creighton,TX Southern,0.944062376598
Creighton,UCLA,0.496433896039
Creighton,UMBC,0.890368568552
Creighton,UNC Greensboro,0.795781094317
Creighton,Villanova,0.172158232947
Creighton,Virginia,0.197937753108
Creighton,Virginia Tech,0.438937580136
Creighton,West Virginia,0.304471441568
Creighton,Wichita St,0.361514845344
Creighton,Wright St,0.860022379586
Creighton,Xavier,0.297368115905
CS Fullerton,Davidson,0.169755482637
CS Fullerton,Duke,0.0588814665336
CS Fullerton,Florida,0.113399694965
CS Fullerton,Florida St,0.0746582348133
CS Fullerton,Georgia St,0.339849587118
CS Fullerton,Gonzaga,0.0500407320263
CS Fullerton,Houston,0.0975974758416
CS Fullerton,Iona,0.369274036455
CS Fullerton,Kansas,0.041663134537
CS Fullerton,Kansas St,0.0824568087381
CS Fullerton,Kentucky,0.0888402272028
CS Fullerton,Lipscomb,0.526476183673
CS Fullerton,Long Island,0.723380735935
CS Fullerton,Loyola-Chicago,0.177204637894
CS Fullerton,Marshall,0.261400884379
CS Fullerton,Miami FL,0.07283825849
CS Fullerton,Michigan,0.064376841794
CS Fullerton,Michigan St,0.062623468514
CS Fullerton,Missouri,0.183005544959
CS Fullerton,Montana,0.343160937164
CS Fullerton,Murray St,0.24626316013
CS Fullerton,NC Central,0.747584596206
CS Fullerton,NC State,0.136572528757
CS Fullerton,Nevada,0.106189756681
CS Fullerton,New Mexico St,0.192856969889
CS Fullerton,North Carolina,0.085309996363
CS Fullerton,Ohio St,0.127180106055
CS Fullerton,Oklahoma,0.119715556348
CS Fullerton,Penn,0.362678232721
CS Fullerton,Providence,0.111812399488
CS Fullerton,Purdue,0.0705637700345
CS Fullerton,Radford,0.64397838245
CS Fullerton,Rhode Island,0.134666783203
CS Fullerton,S Dakota St,0.252420211009
CS Fullerton,San Diego St,0.144007457859
CS Fullerton,Seton Hall,0.104885952167
CS Fullerton,SF Austin,0.317192028197
CS Fullerton,St Bonaventure,0.117743400339
CS Fullerton,Syracuse,0.129903823858
CS Fullerton,TCU,0.0904124305793
CS Fullerton,Tennessee,0.101738838805
CS Fullerton,Texas,0.116348547462
CS Fullerton,Texas A&M,0.117874896361
CS Fullerton,Texas Tech,0.0814226844005
CS Fullerton,TX Southern,0.763127039031
CS Fullerton,UCLA,0.114900489136
CS Fullerton,UMBC,0.525558280878
CS Fullerton,UNC Greensboro,0.252848719234
CS Fullerton,Villanova,0.0326131075369
CS Fullerton,Virginia,0.0366397320013
CS Fullerton,Virginia Tech,0.0909307240974
CS Fullerton,West Virginia,0.0642307445431
CS Fullerton,Wichita St,0.0740093714395
CS Fullerton,Wright St,0.379565082643
CS Fullerton,Xavier,0.0617189878804
Davidson,Duke,0.207787070946
Davidson,Florida,0.369785149567
Davidson,Florida St,0.25977920284
Davidson,Georgia St,0.782424331992
Davidson,Gonzaga,0.171773402694
Davidson,Houston,0.29696768726
Davidson,Iona,0.806842038026
Davidson,Kansas,0.152151722413
Davidson,Kansas St,0.27491936656
Davidson,Kentucky,0.301079185831
Davidson,Lipscomb,0.852875514977
Davidson,Long Island,0.909559082691
Davidson,Loyola-Chicago,0.549484780239
Davidson,Marshall,0.726585126683
Davidson,Miami FL,0.234790297072
Davidson,Michigan,0.215762850832
Davidson,Michigan St,0.209597610735
Davidson,Missouri,0.568260747588
Davidson,Montana,0.786341178628
Davidson,Murray St,0.697858578704
Davidson,NC Central,0.921332267186
Davidson,NC State,0.476848450294
Davidson,Nevada,0.361201984583
Davidson,New Mexico St,0.565420237366
Davidson,North Carolina,0.277906132784
Davidson,Ohio St,0.388377796067
Davidson,Oklahoma,0.4433076563
Davidson,Penn,0.780724380329
Davidson,Providence,0.357354639988
Davidson,Purdue,0.222262264493
Davidson,Radford,0.878625813843
Davidson,Rhode Island,0.429285437151
Davidson,S Dakota St,0.676102203825
Davidson,San Diego St,0.461331282243
Davidson,Seton Hall,0.327092068966
Davidson,SF Austin,0.763367109933
Davidson,St Bonaventure,0.41464937568
Davidson,Syracuse,0.447614820977
Davidson,TCU,0.311195172598
Davidson,Tennessee,0.337841765976
Davidson,Texas,0.391005673865
Davidson,Texas A&M,0.397757606341
Davidson,Texas Tech,0.26774209472
Davidson,TX Southern,0.921467491086
Davidson,UCLA,0.352365069006
Davidson,UMBC,0.854887802524
Davidson,UNC Greensboro,0.70903319687
Davidson,Villanova,0.1223052814
Davidson,Virginia,0.136568885331
Davidson,Virginia Tech,0.291347397084
Davidson,West Virginia,0.223057182305
Davidson,Wichita St,0.237897190427
Davidson,Wright St,0.798839747722
Davidson,Xavier,0.198463101028
Duke,Florida,0.761633780257
Duke,Florida St,0.655998015997
Duke,Georgia St,0.908986524373
Duke,Gonzaga,0.446385301345
Duke,Houston,0.721758418774
Duke,Iona,0.911216656614
Duke,Kansas,0.398089065059
Duke,Kansas St,0.702885030742
Duke,Kentucky,0.632276794699
Duke,Lipscomb,0.937123643366
Duke,Long Island,0.962969531162
Duke,Loyola-Chicago,0.816160902671
Duke,Marshall,0.879636068154
Duke,Miami FL,0.583296712929
Duke,Michigan,0.52615460814
Duke,Michigan St,0.515456615049
Duke,Missouri,0.839340187505
Duke,Montana,0.907851290868
Duke,Murray St,0.88733444646
Duke,NC Central,0.966132083209
Duke,NC State,0.794030730913
Duke,Nevada,0.745127784808
Duke,New Mexico St,0.839948935409
Duke,North Carolina,0.621104917738
Duke,Ohio St,0.768203167937
Duke,Oklahoma,0.765743833595
Duke,Penn,0.911611126781
Duke,Providence,0.743848629009
Duke,Purdue,0.554719727159
Duke,Radford,0.950297087985
Duke,Rhode Island,0.784116283068
Duke,S Dakota St,0.870410159624
Duke,San Diego St,0.798083464342
Duke,Seton Hall,0.737333012426
Duke,SF Austin,0.900813528103
Duke,St Bonaventure,0.762816958636
Duke,Syracuse,0.77908451805
Duke,TCU,0.713845442362
Duke,Tennessee,0.737104843939
Duke,Texas,0.760711572837
Duke,Texas A&M,0.768017455227
Duke,Texas Tech,0.678032880021
Duke,TX Southern,0.967905659611
Duke,UCLA,0.749134096434
Duke,UMBC,0.933647704036
Duke,UNC Greensboro,0.882249095289
Duke,Villanova,0.33697568152
Duke,Virginia,0.369733217789
Duke,Virginia Tech,0.696141598439
Duke,West Virginia,0.529429924709
Duke,Wichita St,0.584100429075
Duke,Wright St,0.912473034267
Duke,Xavier,0.512138149305
Florida,Florida St,0.368189975911
Florida,Georgia St,0.835652408317
Florida,Gonzaga,0.228880323764
Florida,Houston,0.426065741447
Florida,Iona,0.849754541201
Florida,Kansas,0.194632375212
Florida,Kansas St,0.393742785553
Florida,Kentucky,0.396925885025
Florida,Lipscomb,0.886617523026
Florida,Long Island,0.931347535224
Florida,Loyola-Chicago,0.658027905002
Florida,Marshall,0.792072418915
Florida,Miami FL,0.324931627334
Florida,Michigan,0.28765330231
Florida,Michigan St,0.284581569165
Florida,Missouri,0.67180253719
Florida,Montana,0.840535939795
Florida,Murray St,0.784954738541
Florida,NC Central,0.940395809091
Florida,NC State,0.621583846915
Florida,Nevada,0.490785785069
Florida,New Mexico St,0.691029738455
Florida,North Carolina,0.358831682492
Florida,Ohio St,0.506774054024
Florida,Oklahoma,0.576736227846
Florida,Penn,0.835303604371
Florida,Providence,0.476070372084
Florida,Purdue,0.293572042803
Florida,Radford,0.91141838177
Florida,Rhode Island,0.555825875671
Florida,S Dakota St,0.751691734352
Florida,San Diego St,0.612925014016
Florida,Seton Hall,0.460704079665
Florida,SF Austin,0.822182267014
Florida,St Bonaventure,0.560863056547
Florida,Syracuse,0.578051510803
Florida,TCU,0.436003077312
Florida,Tennessee,0.470896307619
Florida,Texas,0.540809262417
Florida,Texas A&M,0.536927820224
Florida,Texas Tech,0.377779969537
Florida,TX Southern,0.94023724943
Florida,UCLA,0.468701303305
Florida,UMBC,0.891440947907
Florida,UNC Greensboro,0.793016468584
Florida,Villanova,0.159634946805
Florida,Virginia,0.174826393419
Florida,Virginia Tech,0.396361596794
Florida,West Virginia,0.29820809015
Florida,Wichita St,0.325100883514
Florida,Wright St,0.854266167661
Florida,Xavier,0.264736361218
Florida St,Georgia St,0.874484321445
Florida St,Gonzaga,0.280767633224
Florida St,Houston,0.486073543804
Florida St,Iona,0.874486168149
Florida St,Kansas,0.24253995339
Florida St,Kansas St,0.45665339028
Florida St,Kentucky,0.438163594615
Florida St,Lipscomb,0.910106125987
Florida St,Long Island,0.946422866383
Florida St,Loyola-Chicago,0.699765373435
Florida St,Marshall,0.815281814877
Florida St,Miami FL,0.387223853819
Florida St,Michigan,0.323684517761
Florida St,Michigan St,0.32957624972
Florida St,Missouri,0.727337673797
Florida St,Montana,0.87297887089
Florida St,Murray St,0.820223775746
Florida St,NC Central,0.950926555637
Florida St,NC State,0.68073132287
Florida St,Nevada,0.555802928072
Florida St,New Mexico St,0.730389665645
Florida St,North Carolina,0.417000867029
Florida St,Ohio St,0.549882136571
Florida St,Oklahoma,0.617694999714
Florida St,Penn,0.870409333687
Florida St,Providence,0.523949396047
Florida St,Purdue,0.358422242185
Florida St,Radford,0.926997439206
Florida St,Rhode Island,0.601759632506
Florida St,S Dakota St,0.782024193676
Florida St,San Diego St,0.680376737017
Florida St,Seton Hall,0.508537702858
Florida St,SF Austin,0.863677688998
Florida St,St Bonaventure,0.611093454967
Florida St,Syracuse,0.620460689789
Florida St,TCU,0.513496030709
Florida St,Tennessee,0.50808150444
Florida St,Texas,0.583853692507
Florida St,Texas A&M,0.596474776638
Florida St,Texas Tech,0.455073902485
Florida St,TX Southern,0.953458047397
Florida St,UCLA,0.529959689426
Florida St,UMBC,0.904346881237
Florida St,UNC Greensboro,0.824499447405
Florida St,Villanova,0.197471750416
Florida St,Virginia,0.21002978616
Florida St,Virginia Tech,0.46884817056
Florida St,West Virginia,0.341295310745
Florida St,Wichita St,0.393040794524
Florida St,Wright St,0.881420240192
Florida St,Xavier,0.326157688106
Georgia St,Gonzaga,0.0723236140501
Georgia St,Houston,0.138514605828
Georgia St,Iona,0.541106327629
Georgia St,Kansas,0.0596883632531
Georgia St,Kansas St,0.120650073646
Georgia St,Kentucky,0.129866167787
Georgia St,Lipscomb,0.66462774336
Georgia St,Long Island,0.794377647786
Georgia St,Loyola-Chicago,0.251216359528
Georgia St,Marshall,0.395240169608
Georgia St,Miami FL,0.104578182665
Georgia St,Michigan,0.0925253439972
Georgia St,Michigan St,0.09034594584
Georgia St,Missouri,0.254067961823
Georgia St,Montana,0.527926599933
Georgia St,Murray St,0.358729619929
Georgia St,NC Central,0.816220966785
Georgia St,NC State,0.20422197708
Georgia St,Nevada,0.142996934715
Georgia St,New Mexico St,0.280267815177
Georgia St,North Carolina,0.128426118015
Georgia St,Ohio St,0.195249141318
Georgia St,Oklahoma,0.180763213427
Georgia St,Penn,0.505767386826
Georgia St,Providence,0.177786005554
Georgia St,Purdue,0.0986241258063
Georgia St,Radford,0.739172688417
Georgia St,Rhode Island,0.213964596135
Georgia St,S Dakota St,0.367788012166
Georgia St,San Diego St,0.19870860556
Georgia St,Seton Hall,0.156135247347
Georgia St,SF Austin,0.469485291795
Georgia St,St Bonaventure,0.174636966464
Georgia St,Syracuse,0.208453216081
Georgia St,TCU,0.128245664493
Georgia St,Tennessee,0.15303809683
Georgia St,Texas,0.16255414092
Georgia St,Texas A&M,0.164557886281
Georgia St,Texas Tech,0.115973775747
Georgia St,TX Southern,0.817068637766
Georgia St,UCLA,0.17018920647
Georgia St,UMBC,0.661177149657
Georgia St,UNC Greensboro,0.385807579247
Georgia St,Villanova,0.0475237901006
Georgia St,Virginia,0.0517178121727
Georgia St,Virginia Tech,0.124508707295
Georgia St,West Virginia,0.092218963783
Georgia St,Wichita St,0.103287636669
Georgia St,Wright St,0.534142121972
Georgia St,Xavier,0.0865898085394
Gonzaga,Houston,0.704361823789
Gonzaga,Iona,0.900420368827
Gonzaga,Kansas,0.34727833671
Gonzaga,Kansas St,0.678306483418
Gonzaga,Kentucky,0.607496885352
Gonzaga,Lipscomb,0.929947943905
Gonzaga,Long Island,0.956142847313
Gonzaga,Loyola-Chicago,0.803056109232
Gonzaga,Marshall,0.864664533236
Gonzaga,Miami FL,0.558780246097
Gonzaga,Michigan,0.491621976144
Gonzaga,Michigan St,0.482842427591
Gonzaga,Missouri,0.827538559924
Gonzaga,Montana,0.899823755608
Gonzaga,Murray St,0.874501459814
Gonzaga,NC Central,0.961044209225
Gonzaga,NC State,0.774949869398
Gonzaga,Nevada,0.716394621627
Gonzaga,New Mexico St,0.828637267444
Gonzaga,North Carolina,0.582407785307
Gonzaga,Ohio St,0.747490543004
Gonzaga,Oklahoma,0.744276486777
Gonzaga,Penn,0.901142727808
Gonzaga,Providence,0.729472240257
Gonzaga,Purdue,0.507038171626
Gonzaga,Radford,0.944082610037
Gonzaga,Rhode Island,0.769817305573
Gonzaga,S Dakota St,0.85807539058
Gonzaga,San Diego St,0.779273679135
Gonzaga,Seton Hall,0.722727248529
Gonzaga,SF Austin,0.892986206558
Gonzaga,St Bonaventure,0.74769146092
Gonzaga,Syracuse,0.764676393444
Gonzaga,TCU,0.689550288501
Gonzaga,Tennessee,0.720295918578
Gonzaga,Texas,0.743896699972
Gonzaga,Texas A&M,0.746689539437
Gonzaga,Texas Tech,0.650499356525
Gonzaga,TX Southern,0.961953012829
Gonzaga,UCLA,0.728851874353
Gonzaga,UMBC,0.927473692141
Gonzaga,UNC Greensboro,0.873163035787
Gonzaga,Villanova,0.290204430113
Gonzaga,Virginia,0.329829196853
Gonzaga,Virginia Tech,0.664373433019
Gonzaga,West Virginia,0.479642651039
Gonzaga,Wichita St,0.548220438212
Gonzaga,Wright St,0.904805904554
Gonzaga,Xavier,0.464300251963
Houston,Iona,0.859260754746
Houston,Kansas,0.223431899651
Houston,Kansas St,0.44193085319
Houston,Kentucky,0.416989666833
Houston,Lipscomb,0.899632642129
Houston,Long Island,0.938070086672
Houston,Loyola-Chicago,0.690886847457
Houston,Marshall,0.794028153907
Houston,Miami FL,0.375846440062
Houston,Michigan,0.317228861337
Houston,Michigan St,0.317441314961
Houston,Missouri,0.716202788482
Houston,Montana,0.857748221226
Houston,Murray St,0.807858415053
Houston,NC Central,0.945708210011
Houston,NC State,0.65566049114
Houston,Nevada,0.540766243573
Houston,New Mexico St,0.719331321255
Houston,North Carolina,0.396128566068
Houston,Ohio St,0.52838678971
Houston,Oklahoma,0.590650796727
Houston,Penn,0.854365591794
Houston,Providence,0.510103035576
Houston,Purdue,0.338778193369
Houston,Radford,0.918921467519
Houston,Rhode Island,0.57989425212
Houston,S Dakota St,0.760753929785
Houston,San Diego St,0.6612744066
Houston,Seton Hall,0.494675408006
Houston,SF Austin,0.847526559827
Houston,St Bonaventure,0.596861319796
Houston,Syracuse,0.600957470605
Houston,TCU,0.485223687982
Houston,Tennessee,0.491650911849
Houston,Texas,0.573779010243
Houston,Texas A&M,0.575486718933
Houston,Texas Tech,0.425385195123
Houston,TX Southern,0.946955041258
Houston,UCLA,0.508363567016
Houston,UMBC,0.894940786714
Houston,UNC Greensboro,0.804755895369
Houston,Villanova,0.179066336531
Houston,Virginia,0.205623358479
Houston,Virginia Tech,0.450722258799
Houston,West Virginia,0.316339185221
Houston,Wichita St,0.372601301134
Houston,Wright St,0.868917631456
Houston,Xavier,0.307434608226
Iona,Kansas,0.0658414203658
Iona,Kansas St,0.127399120416
Iona,Kentucky,0.133387591578
Iona,Lipscomb,0.638781135529
Iona,Long Island,0.782934370064
Iona,Loyola-Chicago,0.249301892515
Iona,Marshall,0.380290731108
Iona,Miami FL,0.107183506347
Iona,Michigan,0.097518583047
Iona,Michigan St,0.0923326216779
Iona,Missouri,0.266414482576
Iona,Montana,0.49472968425
Iona,Murray St,0.351037945563
Iona,NC Central,0.803369929117
Iona,NC State,0.202250135225
Iona,Nevada,0.154741687739
Iona,New Mexico St,0.258135330521
Iona,North Carolina,0.126831106084
Iona,Ohio St,0.191466999959
Iona,Oklahoma,0.18096029453
Iona,Penn,0.477306846656
Iona,Providence,0.171755824137
Iona,Purdue,0.103623453293
Iona,Radford,0.724017162074
Iona,Rhode Island,0.197539850194
Iona,S Dakota St,0.358996903482
Iona,San Diego St,0.205984913253
Iona,Seton Hall,0.154795578789
Iona,SF Austin,0.434477852682
Iona,St Bonaventure,0.176214082957
Iona,Syracuse,0.192359487526
Iona,TCU,0.136355668464
Iona,Tennessee,0.152120912873
Iona,Texas,0.168769219658
Iona,Texas A&M,0.17277227901
Iona,Texas Tech,0.123417597962
Iona,TX Southern,0.804992195842
Iona,UCLA,0.168677498756
Iona,UMBC,0.652350848549
Iona,UNC Greensboro,0.350309150578
Iona,Villanova,0.0525598594488
Iona,Virginia,0.0565863821515
Iona,Virginia Tech,0.131037493467
Iona,West Virginia,0.0948890448082
Iona,Wichita St,0.108842005697
Iona,Wright St,0.496797211945
Iona,Xavier,0.091040721909
Kansas,Kansas St,0.802699618479
Kansas,Kentucky,0.731033555996
Kansas,Lipscomb,0.946545917436
Kansas,Long Island,0.966520539524
Kansas,Loyola-Chicago,0.877846448037
Kansas,Marshall,0.89600600481
Kansas,Miami FL,0.732230833016
Kansas,Michigan,0.640466417547
Kansas,Michigan St,0.626516325538
Kansas,Missouri,0.88365219722
Kansas,Montana,0.924837730283
Kansas,Murray St,0.911152794811
Kansas,NC Central,0.970507967172
Kansas,NC State,0.850089325166
Kansas,Nevada,0.821195690117
Kansas,New Mexico St,0.877092642777
Kansas,North Carolina,0.693348327292
Kansas,Ohio St,0.825995045551
Kansas,Oklahoma,0.828930287299
Kansas,Penn,0.923493457757
Kansas,Providence,0.812170956237
Kansas,Purdue,0.66392000181
Kansas,Radford,0.956557533572
Kansas,Rhode Island,0.846330604734
Kansas,S Dakota St,0.893065603596
Kansas,San Diego St,0.866884298389
Kansas,Seton Hall,0.820700459443
Kansas,SF Austin,0.919012799005
Kansas,St Bonaventure,0.83935829623
Kansas,Syracuse,0.842549032552
Kansas,TCU,0.809656985291
Kansas,Tennessee,0.82203522064
Kansas,Texas,0.83970410845
Kansas,Texas A&M,0.835404054728
Kansas,Texas Tech,0.788109878137
Kansas,TX Southern,0.971202605439
Kansas,UCLA,0.799192472455
Kansas,UMBC,0.944811898774
Kansas,UNC Greensboro,0.904124869579
Kansas,Villanova,0.471324433692
Kansas,Virginia,0.513411454343
Kansas,Virginia Tech,0.778288583422
Kansas,West Virginia,0.654954541051
Kansas,Wichita St,0.682732663759
Kansas,Wright St,0.926273990367
Kansas,Xavier,0.60583381906
Kansas St,Kentucky,0.49283413455
Kansas St,Lipscomb,0.912356265671
Kansas St,Long Island,0.946212308415
Kansas St,Loyola-Chicago,0.73320492823
Kansas St,Marshall,0.827323071044
Kansas St,Miami FL,0.442305741512
Kansas St,Michigan,0.371762467083
Kansas St,Michigan St,0.37985839868
Kansas St,Missouri,0.758764949007
Kansas St,Montana,0.875190291523
Kansas St,Murray St,0.829222711813
Kansas St,NC Central,0.950732775785
Kansas St,NC State,0.713853210261
Kansas St,Nevada,0.620196510116
Kansas St,New Mexico St,0.760174820462
Kansas St,North Carolina,0.471245649057
Kansas St,Ohio St,0.612707060633
Kansas St,Oklahoma,0.678309335033
Kansas St,Penn,0.877272045094
Kansas St,Providence,0.589550595098
Kansas St,Purdue,0.410411213435
Kansas St,Radford,0.926190032996
Kansas St,Rhode Island,0.66352423408
Kansas St,S Dakota St,0.806932654818
Kansas St,San Diego St,0.713519929211
Kansas St,Seton Hall,0.57453811136
Kansas St,SF Austin,0.866920046575
Kansas St,St Bonaventure,0.670494383673
Kansas St,Syracuse,0.679182004866
Kansas St,TCU,0.579381319061
Kansas St,Tennessee,0.574091867513
Kansas St,Texas,0.644998189963
Kansas St,Texas A&M,0.658594002198
Kansas St,Texas Tech,0.51965282424
Kansas St,TX Southern,0.953273772636
Kansas St,UCLA,0.595372269975
Kansas St,UMBC,0.906726406509
Kansas St,UNC Greensboro,0.837116837016
Kansas St,Villanova,0.233328099176
Kansas St,Virginia,0.247463260619
Kansas St,Virginia Tech,0.53530813418
Kansas St,West Virginia,0.390478792693
Kansas St,Wichita St,0.44655613165
Kansas St,Wright St,0.878232958211
Kansas St,Xavier,0.376210954085
Kentucky,Lipscomb,0.916761859908
Kentucky,Long Island,0.95053585299
Kentucky,Loyola-Chicago,0.765977630396
Kentucky,Marshall,0.842121983533
Kentucky,Miami FL,0.467865182578
Kentucky,Michigan,0.394367124458
Kentucky,Michigan St,0.402646222315
Kentucky,Missouri,0.795890568683
Kentucky,Montana,0.876955160066
Kentucky,Murray St,0.846836157108
Kentucky,NC Central,0.955402106949
Kentucky,NC State,0.742703989159
Kentucky,Nevada,0.66567373516
Kentucky,New Mexico St,0.797141473039
Kentucky,North Carolina,0.49513855962
Kentucky,Ohio St,0.652761082259
Kentucky,Oklahoma,0.709284366331
Kentucky,Penn,0.881811501168
Kentucky,Providence,0.624056013363
Kentucky,Purdue,0.433749930988
Kentucky,Radford,0.932575473889
Kentucky,Rhode Island,0.695283359452
Kentucky,S Dakota St,0.835207233562
Kentucky,San Diego St,0.747445424569
Kentucky,Seton Hall,0.616066035699
Kentucky,SF Austin,0.868784326931
Kentucky,St Bonaventure,0.706586157601
Kentucky,Syracuse,0.710108919546
Kentucky,TCU,0.607861426099
Kentucky,Tennessee,0.61319998136
Kentucky,Texas,0.688294592762
Kentucky,Texas A&M,0.696254995043
Kentucky,Texas Tech,0.557727552847
Kentucky,TX Southern,0.957712990751
Kentucky,UCLA,0.630585731485
Kentucky,UMBC,0.910287816731
Kentucky,UNC Greensboro,0.84782785461
Kentucky,Villanova,0.242152307383
Kentucky,Virginia,0.274280456728
Kentucky,Virginia Tech,0.574369475499
Kentucky,West Virginia,0.40704455547
Kentucky,Wichita St,0.463391232363
Kentucky,Wright St,0.880229761981
Kentucky,Xavier,0.392273756783
Lipscomb,Long Island,0.722541579851
Lipscomb,Loyola-Chicago,0.157793463694
Lipscomb,Marshall,0.244989892791
Lipscomb,Miami FL,0.0642945326874
Lipscomb,Michigan,0.0592166988286
Lipscomb,Michigan St,0.0564193704653
Lipscomb,Missouri,0.163084882502
Lipscomb,Montana,0.332799608028
Lipscomb,Murray St,0.221322070164
Lipscomb,NC Central,0.74679316409
Lipscomb,NC State,0.125331095603
Lipscomb,Nevada,0.0973173100213
Lipscomb,New Mexico St,0.172089830823
Lipscomb,North Carolina,0.0750469156708
Lipscomb,Ohio St,0.117851084595
Lipscomb,Oklahoma,0.109685376055
Lipscomb,Penn,0.342860495213
Lipscomb,Providence,0.103477000212
Lipscomb,Purdue,0.0631468473618
Lipscomb,Radford,0.641066843025
Lipscomb,Rhode Island,0.129360871736
Lipscomb,S Dakota St,0.233478259837
Lipscomb,San Diego St,0.127668488436
Lipscomb,Seton Hall,0.0925059931815
Lipscomb,SF Austin,0.307248022378
Lipscomb,St Bonaventure,0.107858208496
Lipscomb,Syracuse,0.124758518434
Lipscomb,TCU,0.082606975609
Lipscomb,Tennessee,0.0914951872774
Lipscomb,Texas,0.102770966555
Lipscomb,Texas A&M,0.104140186343
Lipscomb,Texas Tech,0.0743299076053
Lipscomb,TX Southern,0.764745723164
Lipscomb,UCLA,0.101472487917
Lipscomb,UMBC,0.522396540871
Lipscomb,UNC Greensboro,0.234637347102
Lipscomb,Villanova,0.0316778946476
Lipscomb,Virginia,0.0342288080808
Lipscomb,Virginia Tech,0.0815608993763
Lipscomb,West Virginia,0.0596708937908
Lipscomb,Wichita St,0.0662561007683
Lipscomb,Wright St,0.360648865618
Lipscomb,Xavier,0.0566765609717
Long Island,Loyola-Chicago,0.110357086114
Long Island,Marshall,0.163126743596
Long Island,Miami FL,0.0434725531194
Long Island,Michigan,0.0410261177313
Long Island,Michigan St,0.0390524212909
Long Island,Missouri,0.115444308977
Long Island,Montana,0.212461591795
Long Island,Murray St,0.159613682634
Long Island,NC Central,0.614563541404
Long Island,NC State,0.0854429608887
Long Island,Nevada,0.0665424151764
Long Island,New Mexico St,0.115369515001
Long Island,North Carolina,0.0527301748215
Long Island,Ohio St,0.0728579729501
Long Island,Oklahoma,0.0752883980518
Long Island,Penn,0.222447951985
Long Island,Providence,0.0676061077354
Long Island,Purdue,0.04414479601
Long Island,Radford,0.421937026463
Long Island,Rhode Island,0.0780976346522
Long Island,S Dakota St,0.151383342008
Long Island,San Diego St,0.0887844487988
Long Island,Seton Hall,0.0632231804672
Long Island,SF Austin,0.199191024587
Long Island,St Bonaventure,0.0722659681254
Long Island,Syracuse,0.0780875206261
Long Island,TCU,0.057183495975
Long Island,Tennessee,0.0620146726841
Long Island,Texas,0.070075936078
Long Island,Texas A&M,0.0722324782187
Long Island,Texas Tech,0.0513113345789
Long Island,TX Southern,0.61467083487
Long Island,UCLA,0.0695689164392
Long Island,UMBC,0.325399024238
Long Island,UNC Greensboro,0.161070169226
Long Island,Villanova,0.0216821439678
Long Island,Virginia,0.0237130776389
Long Island,Virginia Tech,0.0554625475174
Long Island,West Virginia,0.040199002744
Long Island,Wichita St,0.0448161018424
Long Island,Wright St,0.234098155035
Long Island,Xavier,0.0384744077131
Loyola-Chicago,Marshall,0.727671113378
Loyola-Chicago,Miami FL,0.250066745021
Loyola-Chicago,Michigan,0.213170271758
Loyola-Chicago,Michigan St,0.214634254411
Loyola-Chicago,Missouri,0.59576800981
Loyola-Chicago,Montana,0.800883871275
Loyola-Chicago,Murray St,0.727766582564
Loyola-Chicago,NC Central,0.925423910019
Loyola-Chicago,NC State,0.475819024352
Loyola-Chicago,Nevada,0.364335537776
Loyola-Chicago,New Mexico St,0.573115083929
Loyola-Chicago,North Carolina,0.278225456304
Loyola-Chicago,Ohio St,0.371732835284
Loyola-Chicago,Oklahoma,0.414917279069
Loyola-Chicago,Penn,0.800466357851
Loyola-Chicago,Providence,0.359667261374
Loyola-Chicago,Purdue,0.23140365782
Loyola-Chicago,Radford,0.88742468757
Loyola-Chicago,Rhode Island,0.416489344251
Loyola-Chicago,S Dakota St,0.658756101722
Loyola-Chicago,San Diego St,0.479629098077
Loyola-Chicago,Seton Hall,0.329309202072
Loyola-Chicago,SF Austin,0.787460330628
Loyola-Chicago,St Bonaventure,0.416013658351
Loyola-Chicago,Syracuse,0.435915278314
Loyola-Chicago,TCU,0.316597463339
Loyola-Chicago,Tennessee,0.32477785202
Loyola-Chicago,Texas,0.390795354873
Loyola-Chicago,Texas A&M,0.397534066454
Loyola-Chicago,Texas Tech,0.27268868021
Loyola-Chicago,TX Southern,0.925297611721
Loyola-Chicago,UCLA,0.352728156075
Loyola-Chicago,UMBC,0.857986604277
Loyola-Chicago,UNC Greensboro,0.72560530617
Loyola-Chicago,Villanova,0.118604701905
Loyola-Chicago,Virginia,0.137698830365
Loyola-Chicago,Virginia Tech,0.291571305771
Loyola-Chicago,West Virginia,0.2081797772
Loyola-Chicago,Wichita St,0.247477012255
Loyola-Chicago,Wright St,0.816209661315
Loyola-Chicago,Xavier,0.206886041168
Marshall,Miami FL,0.133385706093
Marshall,Michigan,0.117392738969
Marshall,Michigan St,0.109948062398
Marshall,Missouri,0.32957793434
Marshall,Montana,0.616536186348
Marshall,Murray St,0.473745191612
Marshall,NC Central,0.868515968613
Marshall,NC State,0.271318958865
Marshall,Nevada,0.194469570568
Marshall,New Mexico St,0.324467544014
Marshall,North Carolina,0.149940994515
Marshall,Ohio St,0.234113663741
Marshall,Oklahoma,0.229539448998
Marshall,Penn,0.593785186919
Marshall,Providence,0.208917542696
Marshall,Purdue,0.123100841083
Marshall,Radford,0.805811434374
Marshall,Rhode Island,0.244154265272
Marshall,S Dakota St,0.426454839705
Marshall,San Diego St,0.277828671526
Marshall,Seton Hall,0.192421118961
Marshall,SF Austin,0.557068236716
Marshall,St Bonaventure,0.22622303381
Marshall,Syracuse,0.236577595744
Marshall,TCU,0.169036870338
Marshall,Tennessee,0.190547787539
Marshall,Texas,0.211193014222
Marshall,Texas A&M,0.213662753261
Marshall,Texas Tech,0.153549176893
Marshall,TX Southern,0.871708163904
Marshall,UCLA,0.205338303655
Marshall,UMBC,0.75072544032
Marshall,UNC Greensboro,0.479867524712
Marshall,Villanova,0.0602995371989
Marshall,Virginia,0.0657047669209
Marshall,Virginia Tech,0.165873906075
Marshall,West Virginia,0.11900111516
Marshall,Wichita St,0.137109761459
Marshall,Wright St,0.618047513249
Marshall,Xavier,0.108439136882
Miami FL,Michigan,0.370103209799
Miami FL,Michigan St,0.378191012425
Miami FL,Missouri,0.765719090526
Miami FL,Montana,0.86310404274
Miami FL,Murray St,0.820969131427
Miami FL,NC Central,0.946914075335
Miami FL,NC State,0.709896261485
Miami FL,Nevada,0.62796400241
Miami FL,New Mexico St,0.767100794354
Miami FL,North Carolina,0.461749752077
Miami FL,Ohio St,0.614438478526
Miami FL,Oklahoma,0.674085276177
Miami FL,Penn,0.864833861579
Miami FL,Providence,0.598803489206
Miami FL,Purdue,0.401211010078
Miami FL,Radford,0.922183049157
Miami FL,Rhode Island,0.664274984765
Miami FL,S Dakota St,0.802714065118
Miami FL,San Diego St,0.715010287276
Miami FL,Seton Hall,0.583890569301
Miami FL,SF Austin,0.854166378125
Miami FL,St Bonaventure,0.678032107604
Miami FL,Syracuse,0.681743280267
Miami FL,TCU,0.574672783575
Miami FL,Tennessee,0.580947704216
Miami FL,Texas,0.656925952826
Miami FL,Texas A&M,0.660234036655
Miami FL,Texas Tech,0.514835560331
Miami FL,TX Southern,0.948134732203
Miami FL,UCLA,0.597130228466
Miami FL,UMBC,0.89976004688
Miami FL,UNC Greensboro,0.822093126014
Miami FL,Villanova,0.221945625236
Miami FL,Virginia,0.252902891543
Miami FL,Virginia Tech,0.5404890423
Miami FL,West Virginia,0.375181628973
Miami FL,Wichita St,0.44836158342
Miami FL,Wright St,0.86529120785
Miami FL,Xavier,0.367299802964
Michigan,Michigan St,0.500588761104
Michigan,Missouri,0.82357714504
Michigan,Montana,0.898541285216
Michigan,Murray St,0.872940585533
Michigan,NC Central,0.961581425472
Michigan,NC State,0.779481128356
Michigan,Nevada,0.721681435297
Michigan,New Mexico St,0.827940108468
Michigan,North Carolina,0.594279988884
Michigan,Ohio St,0.752398031687
Michigan,Oklahoma,0.754904131264
Michigan,Penn,0.900635385609
Michigan,Providence,0.728503828179
Michigan,Purdue,0.519284516924
Michigan,Radford,0.943331063993
Michigan,Rhode Island,0.770439277152
Michigan,S Dakota St,0.857037001596
Michigan,San Diego St,0.779885977604
Michigan,Seton Hall,0.721743901436
Michigan,SF Austin,0.8916267435
Michigan,St Bonaventure,0.746765627632
Michigan,Syracuse,0.773231995541
Michigan,TCU,0.695124557209
Michigan,Tennessee,0.729895107123
Michigan,Texas,0.754525673613
Michigan,Texas A&M,0.757249607938
Michigan,Texas Tech,0.656425434863
Michigan,TX Southern,0.963584325913
Michigan,UCLA,0.729555501978
Michigan,UMBC,0.926516292645
Michigan,UNC Greensboro,0.873788453906
Michigan,Villanova,0.305177500308
Michigan,Virginia,0.338854994419
Michigan,Virginia Tech,0.665167514924
Michigan,West Virginia,0.510802418263
Michigan,Wichita St,0.54910282337
Michigan,Wright St,0.900227723278
Michigan,Xavier,0.476512152492
Michigan St,Missouri,0.809684450136
Michigan St,Montana,0.889617091757
Michigan St,Murray St,0.860201066326
Michigan St,NC Central,0.959034054885
Michigan St,NC State,0.763464686004
Michigan St,Nevada,0.705885255636
Michigan St,New Mexico St,0.812182676286
Michigan St,North Carolina,0.573819348968
Michigan St,Ohio St,0.731962085121
Michigan St,Oklahoma,0.731767744743
Michigan St,Penn,0.892511876279
Michigan St,Providence,0.706864104134
Michigan St,Purdue,0.49823510209
Michigan St,Radford,0.937452881379
Michigan St,Rhode Island,0.753973397154
Michigan St,S Dakota St,0.84575821973
Michigan St,San Diego St,0.765085515158
Michigan St,Seton Hall,0.699787412273
Michigan St,SF Austin,0.882174107555
Michigan St,St Bonaventure,0.729198539367
Michigan St,Syracuse,0.745409775369
Michigan St,TCU,0.675531623541
Michigan St,Tennessee,0.700599096369
Michigan St,Texas,0.72372044119
Michigan St,Texas A&M,0.731129540926
Michigan St,Texas Tech,0.637359956793
Michigan St,TX Southern,0.960848322475
Michigan St,UCLA,0.712617879057
Michigan St,UMBC,0.917275650003
Michigan St,UNC Greensboro,0.859646023549
Michigan St,Villanova,0.287769058929
Michigan St,Virginia,0.331089177468
Michigan St,Virginia Tech,0.660776945916
Michigan St,West Virginia,0.474840833481
Michigan St,Wichita St,0.528172733714
Michigan St,Wright St,0.894252672984
Michigan St,Xavier,0.455553489375
Missouri,Montana,0.780605668783
Missouri,Murray St,0.687142630465
Missouri,NC Central,0.921901620463
Missouri,NC State,0.432756523982
Missouri,Nevada,0.324268478921
Missouri,New Mexico St,0.53256659011
Missouri,North Carolina,0.255499098341
Missouri,Ohio St,0.356198368473
Missouri,Oklahoma,0.370284758461
Missouri,Penn,0.78181523879
Missouri,Providence,0.341317436565
Missouri,Purdue,0.211381781373
Missouri,Radford,0.883142369719
Missouri,Rhode Island,0.376947041427
Missouri,S Dakota St,0.623797648389
Missouri,San Diego St,0.438894525214
Missouri,Seton Hall,0.311754141987
Missouri,SF Austin,0.767731309859
Missouri,St Bonaventure,0.374496741218
Missouri,Syracuse,0.393751377111
Missouri,TCU,0.277524510163
Missouri,Tennessee,0.309163794724
Missouri,Texas,0.352494732023
Missouri,Texas A&M,0.355859949611
Missouri,Texas Tech,0.255148927079
Missouri,TX Southern,0.92305409766
Missouri,UCLA,0.334547393052
Missouri,UMBC,0.843219067636
Missouri,UNC Greensboro,0.68270257766
Missouri,Villanova,0.102425661867
Missouri,Virginia,0.119267586421
Missouri,Virginia Tech,0.275202526214
Missouri,West Virginia,0.193684366033
Missouri,Wichita St,0.232770316487
Missouri,Wright St,0.800592911659
Missouri,Xavier,0.188465346224
Montana,Murray St,0.381347426303
Montana,NC Central,0.827212187243
Montana,NC State,0.225555254698
Montana,Nevada,0.163426413785
Montana,New Mexico St,0.306435561879
Montana,North Carolina,0.143941251131
Montana,Ohio St,0.218143617354
Montana,Oklahoma,0.199028166856
Montana,Penn,0.536504954857
Montana,Providence,0.193024093981
Montana,Purdue,0.110997403979
Montana,Radford,0.757404060955
Montana,Rhode Island,0.23372204265
Montana,S Dakota St,0.389832988781
Montana,San Diego St,0.221896879531
Montana,Seton Hall,0.169901100817
Montana,SF Austin,0.487251233739
Montana,St Bonaventure,0.192303279571
Montana,Syracuse,0.227728018883
Montana,TCU,0.142124663554
Montana,Tennessee,0.167017333787
Montana,Texas,0.18246698811
Montana,Texas A&M,0.183518979566
Montana,Texas Tech,0.12872078851
Montana,TX Southern,0.831212282994
Montana,UCLA,0.189651867978
Montana,UMBC,0.675973055186
Montana,UNC Greensboro,0.402811299846
Montana,Villanova,0.0532000278491
Montana,Virginia,0.0581200385999
Montana,Virginia Tech,0.139626395469
Montana,West Virginia,0.103372103841
Montana,Wichita St,0.116170588147
Montana,Wright St,0.556725034887
Montana,Xavier,0.0976167830242
Murray St,NC Central,0.852797707366
Murray St,NC State,0.271836156785
Murray St,Nevada,0.207633854539
Murray St,New Mexico St,0.339731154862
Murray St,North Carolina,0.168665962113
Murray St,Ohio St,0.248801038654
Murray St,Oklahoma,0.241563841807
Murray St,Penn,0.595563066098
Murray St,Providence,0.229817753332
Murray St,Purdue,0.136787445004
Murray St,Radford,0.790333356541
Murray St,Rhode Island,0.259989433162
Murray St,S Dakota St,0.437464278115
Murray St,San Diego St,0.272302921346
Murray St,Seton Hall,0.203398069283
Murray St,SF Austin,0.572018007041
Murray St,St Bonaventure,0.233821289369
Murray St,Syracuse,0.263053469758
Murray St,TCU,0.182580494183
Murray St,Tennessee,0.201444528044
Murray St,Texas,0.226523700233
Murray St,Texas A&M,0.227758931729
Murray St,Texas Tech,0.166099934548
Murray St,TX Southern,0.859644097572
Murray St,UCLA,0.225982732397
Murray St,UMBC,0.737039744546
Murray St,UNC Greensboro,0.481926432178
Murray St,Villanova,0.0682713151413
Murray St,Virginia,0.0735451640758
Murray St,Virginia Tech,0.177529067824
Murray St,West Virginia,0.134526809358
Murray St,Wichita St,0.147100234346
Murray St,Wright St,0.622625958015
Murray St,Xavier,0.120720035893
NC Central,NC State,0.0673294474025
NC Central,Nevada,0.0522070025022
NC Central,New Mexico St,0.092810760733
NC Central,North Carolina,0.0415022423457
NC Central,Ohio St,0.0563897824134
NC Central,Oklahoma,0.0571391661968
NC Central,Penn,0.180752503194
NC Central,Providence,0.05381857658
NC Central,Purdue,0.0346780400872
NC Central,Radford,0.318600315266
NC Central,Rhode Island,0.062756180177
NC Central,S Dakota St,0.113846081187
NC Central,San Diego St,0.0704503755428
NC Central,Seton Hall,0.050281296951
NC Central,SF Austin,0.164279316668
NC Central,St Bonaventure,0.0584594806785
NC Central,Syracuse,0.062746765747
NC Central,TCU,0.0447676050277
NC Central,Tennessee,0.0500610229504
NC Central,Texas,0.055373043725
NC Central,Texas A&M,0.0571022104991
NC Central,Texas Tech,0.0401161791828
NC Central,TX Southern,0.479782557174
NC Central,UCLA,0.0549635219633
NC Central,UMBC,0.251537568336
NC Central,UNC Greensboro,0.124106321955
NC Central,Villanova,0.0158715951985
NC Central,Virginia,0.0196574882314
NC Central,Virginia Tech,0.0458622263655
NC Central,West Virginia,0.0295761811729
NC Central,Wichita St,0.0352106888724
NC Central,Wright St,0.189240868245
NC Central,Xavier,0.0301852537559
NC State,Nevada,0.39422571424
NC State,New Mexico St,0.614617642498
NC State,North Carolina,0.306096539951
NC State,Ohio St,0.437685282368
NC State,Oklahoma,0.478511898009
NC State,Penn,0.823792745199
NC State,Providence,0.400226143376
NC State,Purdue,0.246736919653
NC State,Radford,0.906114971423
NC State,Rhode Island,0.483015244918
NC State,S Dakota St,0.730074253572
NC State,San Diego St,0.51214518154
NC State,Seton Hall,0.368414326532
NC State,SF Austin,0.811046098641
NC State,St Bonaventure,0.462251928579
NC State,Syracuse,0.490275916707
NC State,TCU,0.354404998044
NC State,Tennessee,0.3679897088
NC State,Texas,0.421866531855
NC State,Texas A&M,0.429096567859
NC State,Texas Tech,0.307612910276
NC State,TX Southern,0.939651915371
NC State,UCLA,0.395005907793
NC State,UMBC,0.88736498475
NC State,UNC Greensboro,0.762206576052
NC State,Villanova,0.134607909953
NC State,Virginia,0.136648837223
NC State,Virginia Tech,0.316242600684
NC State,West Virginia,0.2480988832
NC State,Wichita St,0.262815302442
NC State,Wright St,0.841072628521
NC State,Xavier,0.221061977157
Nevada,New Mexico St,0.645633619311
Nevada,North Carolina,0.32103910087
Nevada,Ohio St,0.450627732435
Nevada,Oklahoma,0.489946607692
Nevada,Penn,0.832428717905
Nevada,Providence,0.434464055362
Nevada,Purdue,0.269704591526
Nevada,Radford,0.910633295241
Nevada,Rhode Island,0.497062430247
Nevada,S Dakota St,0.725422233522
Nevada,San Diego St,0.555717640555
Nevada,Seton Hall,0.401753751002
Nevada,SF Austin,0.82588457615
Nevada,St Bonaventure,0.494450968896
Nevada,Syracuse,0.516903710454
Nevada,TCU,0.385563937968
Nevada,Tennessee,0.398848964571
Nevada,Texas,0.470704878531
Nevada,Texas A&M,0.474371850004
Nevada,Texas Tech,0.336804147285
Nevada,TX Southern,0.940127033918
Nevada,UCLA,0.427044279858
Nevada,UMBC,0.885296179169
Nevada,UNC Greensboro,0.765829051182
Nevada,Villanova,0.135865372092
Nevada,Virginia,0.155456432337
Nevada,Virginia Tech,0.35705761371
Nevada,West Virginia,0.248663910151
Nevada,Wichita St,0.299757814857
Nevada,Wright St,0.84722983837
Nevada,Xavier,0.242408799605
New Mexico St,North Carolina,0.219871381605
New Mexico St,Ohio St,0.301919503508
New Mexico St,Oklahoma,0.317281214385
New Mexico St,Penn,0.739500800298
New Mexico St,Providence,0.274700725708
New Mexico St,Purdue,0.173062598329
New Mexico St,Radford,0.858997483752
New Mexico St,Rhode Island,0.328931246278
New Mexico St,S Dakota St,0.567530565141
New Mexico St,San Diego St,0.350986948819
New Mexico St,Seton Hall,0.248728605217
New Mexico St,SF Austin,0.707264548844
New Mexico St,St Bonaventure,0.303589827255
New Mexico St,Syracuse,0.33367046134
New Mexico St,TCU,0.21754661169
New Mexico St,Tennessee,0.244901181066
New Mexico St,Texas,0.273448672159
New Mexico St,Texas A&M,0.279100956169
New Mexico St,Texas Tech,0.198676976078
New Mexico St,TX Southern,0.9080422937
New Mexico St,UCLA,0.270379666169
New Mexico St,UMBC,0.811675576976
New Mexico St,UNC Greensboro,0.629379414813
New Mexico St,Villanova,0.092225408505
New Mexico St,Virginia,0.0991527549276
New Mexico St,Virginia Tech,0.210164920745
New Mexico St,West Virginia,0.161068590545
New Mexico St,Wichita St,0.175334737007
New Mexico St,Wright St,0.750109167997
New Mexico St,Xavier,0.153491879126
North Carolina,Ohio St,0.713558533957
North Carolina,Oklahoma,0.709258558632
North Carolina,Penn,0.881026057083
North Carolina,Providence,0.67501775932
North Carolina,Purdue,0.44289072199
North Carolina,Radford,0.931481290168
North Carolina,Rhode Island,0.735035233434
North Carolina,S Dakota St,0.83747040444
North Carolina,San Diego St,0.724344090804
North Carolina,Seton Hall,0.66753385747
North Carolina,SF Austin,0.865756425073
North Carolina,St Bonaventure,0.700368297994
North Carolina,Syracuse,0.717637119373
North Carolina,TCU,0.630308361062
North Carolina,Tennessee,0.668391422095
North Carolina,Texas,0.683725451225
North Carolina,Texas A&M,0.685245075058
North Carolina,Texas Tech,0.58825519746
North Carolina,TX Southern,0.956688945167
North Carolina,UCLA,0.676184525583
North Carolina,UMBC,0.916259062763
North Carolina,UNC Greensboro,0.848532287896
North Carolina,Villanova,0.258573811273
North Carolina,Virginia,0.2869119095
North Carolina,Virginia Tech,0.60930213842
North Carolina,West Virginia,0.442073361741
North Carolina,Wichita St,0.472635294216
North Carolina,Wright St,0.885245080743
North Carolina,Xavier,0.401159714306
Ohio St,Oklahoma,0.584783412052
Ohio St,Penn,0.82211032184
Ohio St,Providence,0.482945207002
Ohio St,Purdue,0.311466787835
Ohio St,Radford,0.898433202492
Ohio St,Rhode Island,0.585386038311
Ohio St,S Dakota St,0.735504880506
Ohio St,San Diego St,0.600858339183
Ohio St,Seton Hall,0.467555038084
Ohio St,SF Austin,0.805144409002
Ohio St,St Bonaventure,0.572481270379
Ohio St,Syracuse,0.588514323078
Ohio St,TCU,0.45728303473
Ohio St,Tennessee,0.468517734427
Ohio St,Texas,0.534637935063
Ohio St,Texas A&M,0.538308847233
Ohio St,Texas Tech,0.39822468626
Ohio St,TX Southern,0.935418295275
Ohio St,UCLA,0.483320977277
Ohio St,UMBC,0.87003767697
Ohio St,UNC Greensboro,0.770434044703
Ohio St,Villanova,0.175285209292
Ohio St,Virginia,0.192560312478
Ohio St,Virginia Tech,0.426182265926
Ohio St,West Virginia,0.302035029637
Ohio St,Wichita St,0.327812875175
Ohio St,Wright St,0.835940860245
Ohio St,Xavier,0.281574014177
Oklahoma,Penn,0.821933346899
Oklahoma,Providence,0.397041477977
Oklahoma,Purdue,0.241230093959
Oklahoma,Radford,0.906794022931
Oklahoma,Rhode Island,0.47306497639
Oklahoma,S Dakota St,0.710555184191
Oklahoma,San Diego St,0.512543986888
Oklahoma,Seton Hall,0.3653286077
Oklahoma,SF Austin,0.802594493842
Oklahoma,St Bonaventure,0.456027879625
Oklahoma,Syracuse,0.478386878078
Oklahoma,TCU,0.345334392916
Oklahoma,Tennessee,0.362527590719
Oklahoma,Texas,0.422239905299
Oklahoma,Texas A&M,0.431381703253
Oklahoma,Texas Tech,0.299184902943
Oklahoma,TX Southern,0.939264747497
Oklahoma,UCLA,0.397235816564
Oklahoma,UMBC,0.877107166736
Oklahoma,UNC Greensboro,0.737063319995
Oklahoma,Villanova,0.119214516175
Oklahoma,Virginia,0.133157104133
Oklahoma,Virginia Tech,0.318261776258
Oklahoma,West Virginia,0.221736341512
Oklahoma,Wichita St,0.264625372382
Oklahoma,Wright St,0.833206951542
Oklahoma,Xavier,0.215963890554
Penn,Providence,0.151049714322
Penn,Purdue,0.0935044719566
Penn,Radford,0.704908681102
Penn,Rhode Island,0.187168837784
Penn,S Dakota St,0.314765496573
Penn,San Diego St,0.182059360439
Penn,Seton Hall,0.135798879013
Penn,SF Austin,0.427267153941
Penn,St Bonaventure,0.156587774641
Penn,Syracuse,0.180945274359
Penn,TCU,0.120519224867
Penn,Tennessee,0.133400644691
Penn,Texas,0.148358667454
Penn,Texas A&M,0.151966113445
Penn,Texas Tech,0.108894328051
Penn,TX Southern,0.794743228885
Penn,UCLA,0.148276060364
Penn,UMBC,0.628253070458
Penn,UNC Greensboro,0.34621593417
Penn,Villanova,0.0476857878054
Penn,Virginia,0.051457261039
Penn,Virginia Tech,0.115941979276
Penn,West Virginia,0.0864477922571
Penn,Wichita St,0.0948519011075
Penn,Wright St,0.478010497531
Penn,Xavier,0.0820380077692
Providence,Purdue,0.346695543115
Providence,Radford,0.914698879589
Providence,Rhode Island,0.61140930533
Providence,S Dakota St,0.768128568694
Providence,San Diego St,0.64612136304
Providence,Seton Hall,0.517865669313
Providence,SF Austin,0.827658855827
Providence,St Bonaventure,0.614422657066
Providence,Syracuse,0.618454438183
Providence,TCU,0.492901009523
Providence,Tennessee,0.514843844137
Providence,Texas,0.582200804491
Providence,Texas A&M,0.585775089912
Providence,Texas Tech,0.432911951431
Providence,TX Southern,0.944509950248
Providence,UCLA,0.531520562795
Providence,UMBC,0.890375670851
Providence,UNC Greensboro,0.78936642364
Providence,Villanova,0.182564590073
Providence,Virginia,0.211423850681
Providence,Virginia Tech,0.461203408966
Providence,West Virginia,0.319786177034
Providence,Wichita St,0.371659690373
Providence,Wright St,0.857985397478
Providence,Xavier,0.314968374424
Purdue,Radford,0.942963111157
Purdue,Rhode Island,0.761039090816
Purdue,S Dakota St,0.850488400923
Purdue,San Diego St,0.770748696743
Purdue,Seton Hall,0.712823136443
Purdue,SF Austin,0.887817606894
Purdue,St Bonaventure,0.738356242853
Purdue,Syracuse,0.755764326269
Purdue,TCU,0.678987475502
Purdue,Tennessee,0.710339767015
Purdue,Texas,0.734470940368
Purdue,Texas A&M,0.737330274144
Purdue,Texas Tech,0.639302884209
Purdue,TX Southern,0.962268264437
Purdue,UCLA,0.719081498103
Purdue,UMBC,0.92382870163
Purdue,UNC Greensboro,0.867179413374
Purdue,Villanova,0.289497040553
Purdue,Virginia,0.332066537715
Purdue,Virginia Tech,0.656444892558
Purdue,West Virginia,0.478784974682
Purdue,Wichita St,0.536084143647
Purdue,Wright St,0.899054727355
Purdue,Xavier,0.463445576146
Radford,Rhode Island,0.0957285901693
Radford,S Dakota St,0.179374684782
Radford,San Diego St,0.108287467256
Radford,Seton Hall,0.076628126343
Radford,SF Austin,0.23557986366
Radford,St Bonaventure,0.0857703947389
Radford,Syracuse,0.0942615950792
Radford,TCU,0.0672243098169
Radford,Tennessee,0.0753636709232
Radford,Texas,0.0858565293977
Radford,Texas A&M,0.0879707384167
Radford,Texas Tech,0.0603871002526
Radford,TX Southern,0.66886789285
Radford,UCLA,0.0841983909022
Radford,UMBC,0.363504262893
Radford,UNC Greensboro,0.189552574941
Radford,Villanova,0.0238599548972
Radford,Virginia,0.0280802360402
Radford,Virginia Tech,0.0706178935533
Radford,West Virginia,0.0474074784686
Radford,Wichita St,0.0545455181608
Radford,Wright St,0.276953489672
Radford,Xavier,0.0453291776006
Rhode Island,S Dakota St,0.721928191226
Rhode Island,San Diego St,0.535182245609
Rhode Island,Seton Hall,0.384984377643
Rhode Island,SF Austin,0.815328093774
Rhode Island,St Bonaventure,0.485400640086
Rhode Island,Syracuse,0.527769567287
Rhode Island,TCU,0.370467461687
Rhode Island,Tennessee,0.384552290113
Rhode Island,Texas,0.442588134471
Rhode Island,Texas A&M,0.44620454134
Rhode Island,Texas Tech,0.316091097245
Rhode Island,TX Southern,0.936707813914
Rhode Island,UCLA,0.392624126387
Rhode Island,UMBC,0.878161408113
Rhode Island,UNC Greensboro,0.77076920016
Rhode Island,Villanova,0.144805341294
Rhode Island,Virginia,0.150913074487
Rhode Island,Virginia Tech,0.324847042875
Rhode Island,West Virginia,0.24044005404
Rhode Island,Wichita St,0.260886879306
Rhode Island,Wright St,0.838728111346
Rhode Island,Xavier,0.220984632464
S Dakota St,San Diego St,0.279924480587
S Dakota St,Seton Hall,0.191206441179
S Dakota St,SF Austin,0.611778440604
S Dakota St,St Bonaventure,0.238193505
S Dakota St,Syracuse,0.247346116171
S Dakota St,TCU,0.167184216671
S Dakota St,Tennessee,0.190492628288
S Dakota St,Texas,0.216756170482
S Dakota St,Texas A&M,0.217710616785
S Dakota St,Texas Tech,0.151835252894
S Dakota St,TX Southern,0.865909117717
S Dakota St,UCLA,0.199062355541
S Dakota St,UMBC,0.754828792609
S Dakota St,UNC Greensboro,0.533309717251
S Dakota St,Villanova,0.0683411024356
S Dakota St,Virginia,0.0790962574998
S Dakota St,Virginia Tech,0.167560050189
S Dakota St,West Virginia,0.121746570802
S Dakota St,Wichita St,0.132571256097
S Dakota St,Wright St,0.667556130709
S Dakota St,Xavier,0.115310873195
San Diego St,Seton Hall,0.354617344346
San Diego St,SF Austin,0.78945618382
San Diego St,St Bonaventure,0.446428370991
San Diego St,Syracuse,0.468722260746
San Diego St,TCU,0.346249304915
San Diego St,Tennessee,0.351852923195
San Diego St,Texas,0.425113877774
San Diego St,Texas A&M,0.426834427364
San Diego St,Texas Tech,0.300033583407
San Diego St,TX Southern,0.930251976549
San Diego St,UCLA,0.380813523674
San Diego St,UMBC,0.8675689094
San Diego St,UNC Greensboro,0.73684687549
San Diego St,Villanova,0.136205988796
San Diego St,Virginia,0.145905885217
San Diego St,Virginia Tech,0.317173300185
San Diego St,West Virginia,0.250654081371
San Diego St,Wichita St,0.270686607927
San Diego St,Wright St,0.817237347224
San Diego St,Xavier,0.228069654459
Seton Hall,SF Austin,0.85517982009
Seton Hall,St Bonaventure,0.679193325648
Seton Hall,Syracuse,0.682897373317
Seton Hall,TCU,0.574085689829
Seton Hall,Tennessee,0.580362947173
Seton Hall,Texas,0.658124910901
Seton Hall,Texas A&M,0.659695108722
Seton Hall,Texas Tech,0.514235688134
Seton Hall,TX Southern,0.950439592803
Seton Hall,UCLA,0.596552370882
Seton Hall,UMBC,0.901486722438
Seton Hall,UNC Greensboro,0.823283342152
Seton Hall,Villanova,0.236470283363
Seton Hall,Virginia,0.268753680137
Seton Hall,Virginia Tech,0.539892541873
Seton Hall,West Virginia,0.396495112685
Seton Hall,Wichita St,0.447767681394
Seton Hall,Wright St,0.868515895352
Seton Hall,Xavier,0.386610175316
SF Austin,St Bonaventure,0.175532981251
SF Austin,Syracuse,0.212413094378
SF Austin,TCU,0.130465545001
SF Austin,Tennessee,0.150834712453
SF Austin,Texas,0.156653937917
SF Austin,Texas A&M,0.160409546237
SF Austin,Texas Tech,0.118009990467
SF Austin,TX Southern,0.828516002876
SF Austin,UCLA,0.165927101124
SF Austin,UMBC,0.681529246801
SF Austin,UNC Greensboro,0.417582529925
SF Austin,Villanova,0.0563453252024
SF Austin,Virginia,0.0589792321038
SF Austin,Virginia Tech,0.121223473146
SF Austin,West Virginia,0.093882395264
SF Austin,Wichita St,0.100498058073
SF Austin,Wright St,0.558868884034
SF Austin,Xavier,0.0869947142198
St Bonaventure,Syracuse,0.508100971514
St Bonaventure,TCU,0.384578388389
St Bonaventure,Tennessee,0.38655488977
St Bonaventure,Texas,0.451832469489
St Bonaventure,Texas A&M,0.461087356296
St Bonaventure,Texas Tech,0.33587510278
St Bonaventure,TX Southern,0.939829682866
St Bonaventure,UCLA,0.414041154519
St Bonaventure,UMBC,0.887678362934
St Bonaventure,UNC Greensboro,0.776233290979
St Bonaventure,Villanova,0.150428477436
St Bonaventure,Virginia,0.152666959765
St Bonaventure,Virginia Tech,0.344902701347
St Bonaventure,West Virginia,0.271518658985
St Bonaventure,Wichita St,0.288677689605
St Bonaventure,Wright St,0.843947900653
St Bonaventure,Xavier,0.244176553615
Syracuse,TCU,0.352367757225
Syracuse,Tennessee,0.370251852543
Syracuse,Texas,0.429589130046
Syracuse,Texas A&M,0.43685150958
Syracuse,Texas Tech,0.305717274102
Syracuse,TX Southern,0.938080150694
Syracuse,UCLA,0.390736908471
Syracuse,UMBC,0.873855034293
Syracuse,UNC Greensboro,0.74508626107
Syracuse,Villanova,0.138911170001
Syracuse,Virginia,0.145984365206
Syracuse,Virginia Tech,0.323112297495
Syracuse,West Virginia,0.233086056
Syracuse,Wichita St,0.259362482102
Syracuse,Wright St,0.828205686812
Syracuse,Xavier,0.219624108752
TCU,Tennessee,0.489468129654
TCU,Texas,0.558995793921
TCU,Texas A&M,0.570836194452
TCU,Texas Tech,0.427240346046
TCU,TX Southern,0.950678765526
TCU,UCLA,0.500881410344
TCU,UMBC,0.905468810946
TCU,UNC Greensboro,0.824805394416
TCU,Villanova,0.187478213567
TCU,Virginia,0.202796792985
TCU,Virginia Tech,0.450098198684
TCU,West Virginia,0.322838402748
TCU,Wichita St,0.375181057106
TCU,Wright St,0.876796848887
TCU,Xavier,0.309785954654
Tennessee,Texas,0.658313732529
Tennessee,Texas A&M,0.654791527181
Tennessee,Texas Tech,0.514445348441
Tennessee,TX Southern,0.95167110156
Tennessee,UCLA,0.59130261479
Tennessee,UMBC,0.908713025578
Tennessee,UNC Greensboro,0.834000215308
Tennessee,Villanova,0.240406638953
Tennessee,Virginia,0.258681192713
Tennessee,Virginia Tech,0.531110139971
Tennessee,West Virginia,0.401693850274
Tennessee,Wichita St,0.442391538661
Tennessee,Wright St,0.875339556033
Tennessee,Xavier,0.37226113132
Texas,Texas A&M,0.495793655003
Texas,Texas Tech,0.361424841001
Texas,TX Southern,0.94248914401
Texas,UCLA,0.435946441196
Texas,UMBC,0.88631620935
Texas,UNC Greensboro,0.76917603049
Texas,Villanova,0.155516588948
Texas,Virginia,0.166326887323
Texas,Virginia Tech,0.380166847228
Texas,West Virginia,0.279355770595
Texas,Wichita St,0.307430302684
Texas,Wright St,0.837290118165
Texas,Xavier,0.256536263695
Texas A&M,Texas Tech,0.329668252442
Texas A&M,TX Southern,0.940546152955
Texas A&M,UCLA,0.417405651413
Texas A&M,UMBC,0.879681574517
Texas A&M,UNC Greensboro,0.755978550844
Texas A&M,Villanova,0.132138534993
Texas A&M,Virginia,0.153033172778
Texas A&M,Virginia Tech,0.351117956072
Texas A&M,West Virginia,0.241355428248
Texas A&M,Wichita St,0.291530315665
Texas A&M,Wright St,0.841702538883
Texas A&M,Xavier,0.235226604222
Texas Tech,TX Southern,0.951267277029
Texas Tech,UCLA,0.583959611965
Texas Tech,UMBC,0.905402102243
Texas Tech,UNC Greensboro,0.829091148816
Texas Tech,Villanova,0.232024513672
Texas Tech,Virginia,0.246106053562
Texas Tech,Virginia Tech,0.523557063374
Texas Tech,West Virginia,0.368669590493
Texas Tech,Wichita St,0.434929842043
Texas Tech,Wright St,0.88189324297
Texas Tech,Xavier,0.354734862017
TX Southern,UCLA,0.0556163432325
TX Southern,UMBC,0.265517953399
TX Southern,UNC Greensboro,0.131792991974
TX Southern,Villanova,0.0157925370546
TX Southern,Virginia,0.0172815451561
TX Southern,Virginia Tech,0.0442047013006
TX Southern,West Virginia,0.0316363188115
TX Southern,Wichita St,0.035637746029
TX Southern,Wright St,0.196150255228
TX Southern,Xavier,0.0314765123532
UCLA,UMBC,0.896203517347
UCLA,UNC Greensboro,0.804690624744
UCLA,Villanova,0.205273751188
UCLA,Virginia,0.229073408292
UCLA,Virginia Tech,0.498739266029
UCLA,West Virginia,0.352209765007
UCLA,Wichita St,0.407418549605
UCLA,Wright St,0.862090924903
UCLA,Xavier,0.339457148384
UMBC,UNC Greensboro,0.242993285147
UMBC,Villanova,0.0317183144542
UMBC,Virginia,0.035710690814
UMBC,Virginia Tech,0.0853503037593
UMBC,West Virginia,0.0601515711849
UMBC,Wichita St,0.0693881501765
UMBC,Wright St,0.354473965956
UMBC,Xavier,0.0558396870206
UNC Greensboro,Villanova,0.0640208516916
UNC Greensboro,Virginia,0.0650720123001
UNC Greensboro,Virginia Tech,0.146691444993
UNC Greensboro,West Virginia,0.113375719076
UNC Greensboro,Wichita St,0.122217376275
UNC Greensboro,Wright St,0.647824372947
UNC Greensboro,Xavier,0.102810166826
Villanova,Virginia,0.508790831645
Villanova,Virginia Tech,0.796595947772
Villanova,West Virginia,0.689325920782
Villanova,Wichita St,0.705949258684
Villanova,Wright St,0.933628499055
Villanova,Xavier,0.648512670434
Virginia,Virginia Tech,0.782301013045
Virginia,West Virginia,0.678422128435
Virginia,Wichita St,0.6848655135
Virginia,Wright St,0.927820032062
Virginia,Xavier,0.634626694167
Virginia Tech,West Virginia,0.377993703504
Virginia Tech,Wichita St,0.440095812048
Virginia Tech,Wright St,0.874281466056
Virginia Tech,Xavier,0.370087792896
West Virginia,Wichita St,0.478866830376
West Virginia,Wright St,0.904577853198
West Virginia,Xavier,0.407176478532
Wichita St,Wright St,0.882737586122
Wichita St,Xavier,0.363170170358
Wright St,Xavier,0.0852918250373
